source,name,region,tier,score,length_km
founding,Buttertubs Pass (Cliff Gate Road),North Eng,S,89.6,10.4
founding,R115 Military Road & Sally Gap,Ireland (RoI),S,89.3,41.5
founding,A39 Exmoor Porlock to Lynton,South West,S,88.7,18.5
founding,A686 Hartside Pass,North Eng,S,88.7,36.9
founding,B4391 Blaenau to Bala,Wales,S,88.6,13.0
founding,B3306 St Ives to St Just,South West,S,88.3,22.2
founding,R574 Healy Pass,Ireland (RoI),S,87.7,12.9
founding,B4391 Bala to Llangynog,Wales,S,87.0,20.0
founding,Blakey Ridge,North Eng,S,86.2,9.0
founding,A82 Glencoe,Scotland,S,84.5,42.7
founding,A57 Snake Pass,North Eng,S,83.0,27.5
founding,A821 Duke's Pass,Scotland,S,82.7,19.1
founding,A4069 Black Mountain Pass,Wales,S,81.7,25.1
founding,B4501 — Cerrigydrudion Moor,Wales,S,81.6,14.5
founding,B4560 Beaufort to Llangynidr,Wales,S,81.5,17.4
founding,B6277 Alston to Barnard Castle,North Eng,S,81.5,50.4
founding,B6295 Cowshill to Allenheads,N.Pennines,S,81.4,24.6
founding,B6255 Ingleton to Hawes,North Eng,S,81.3,26.5
founding,A537 Cat & Fiddle,North Eng,S,81.2,12.3
founding,B6276 Middleton-in-Teesdale to Brough,N.Pennines,S,80.9,22.3
founding,B6278 Consett to Middleton in Teesdale,North Eng,S,80.1,47.1
founding,Elan Valley Road,Wales,A,79.8,23.3
founding,R560 Conor Pass,Ireland (RoI),A,79.4,24.0
founding,A708 Moffat to Selkirk via St Mary's Loch,Scotland,A,79.2,54.1
founding,N71 Moll's Gap,Ireland (RoI),A,79.2,45.5
founding,A543 (Evo Triangle leg),Wales,A,79.1,26.0
founding,Torr Road cliff detour,N. Ireland,A,78.3,17.0
founding,Holme Moss Summit (A6024),North Eng,A,77.6,14.0
founding,Harthope Moss road (B6277 to St John's Chapel),North Eng,A,77.1,6.3
founding,A4086 Llanberis Pass,Wales,A,77.0,17.8
founding,A542 Horseshoe Pass,Wales,A,76.9,12.2
discovered,B4410,Snowdonia,A,76.8,8.9
founding,Bwlch-y-Groes,Wales,A,76.8,12.3
founding,R668 The Vee,Ireland (RoI),A,76.7,12.6
founding,R756 Wicklow Gap,Ireland (RoI),A,76.5,29.1
discovered,B3212,Dartmoor,A,76.2,25.5
discovered,Unnamed road E of Allenheads,North Pennines,A,75.8,3.6
founding,Abergwesyn Pass,Wales,A,75.6,2.9
discovered,A39,Exmoor,A,75.5,67.0
founding,A894 Loch Assynt to Kylesku,Scotland,A,75.4,19.0
discovered,B4519,Mid-Wales / Powys,A,75.3,8.7
founding,Honister Pass B5289,North Eng,A,75.3,20.5
discovered,Underbarrow Road,Lake District,A,75.1,5.2
discovered,B5285,Lake District,A,74.9,10.5
discovered,B862,Scottish Highlands,A,74.9,5.3
founding,A4067 Brynamman north,Wales,A,74.7,28.8
discovered,B4246,Brecon Beacons,A,74.7,12.1
discovered,Cauda Brow,Lake District,A,74.3,4.1
founding,B4574 Cwmystwyth to Devil's Bridge,Wales,A,74.2,9.3
discovered,B5292,Lake District,A,74.0,15.2
discovered,B6451,Yorkshire Dales & Moors,A,74.0,16.1
founding,Bealach na Bà,Scotland,A,73.7,17.9
founding,Glenariff Road,N. Ireland,A,73.7,10.0
founding,A939 Lecht Road,Scotland,A,73.6,18.9
discovered,B3311,Cornwall,A,73.6,10.4
discovered,A261,Kent High Weald,A,73.5,3.4
discovered,B4343,Mid-Wales / Powys,A,73.5,34.2
discovered,B3230,Exmoor,A,73.4,13.9
discovered,Stinchar Bridge,Southern Uplands & Borders,A,73.3,12.5
discovered,A4136,Wye Valley & Forest of Dean,A,73.2,25.9
founding,A44 Llangurig to Aberystwyth,Wales,A,73.2,38.8
founding,Ballaghbeama Gap,Ireland (RoI),A,73.2,7.3
founding,A2 Antrim Coast Road,N. Ireland,A,73.1,54.2
founding,A272 Winchester to Heathfield,South East,A,73.1,126.4
discovered,B5113,Denbigh Moors / North Wales,A,73.1,33.6
discovered,A496,Snowdonia,A,73.0,15.5
discovered,B4256,Brecon Beacons,A,73.0,3.3
discovered,B6437,Berwickshire Coast,A,73.0,3.5
discovered,A383,Dartmoor,A,72.9,5.2
founding,Strines Pass (Mortimer Road),North Eng,A,72.9,22.0
discovered,B3223,Exmoor,A,72.8,32.8
discovered,B3395,Isle of Wight,A,72.8,4.8
discovered,B6309,North Pennines,A,72.8,31.1
founding,A4061 Rhigos Mountain Road,Wales,A,72.7,21.2
discovered,B3315,Cornwall,A,72.7,15.5
discovered,B5053,Peak District,A,72.7,15.2
discovered,Duke's Drive,Peak District,A,72.7,1.7
discovered,Morse Road,Wye Valley & Forest of Dean,A,72.7,3.0
discovered,B6277,Yorkshire Dales & Moors,A,72.6,2.8
discovered,Unnamed road SW of Lintzgarth,North Pennines,A,72.5,2.8
discovered,Hoodstorth Lane,Yorkshire Dales & Moors,A,72.2,1.8
discovered,B4070,Cotswolds,A,72.1,12.8
founding,B6270 Swaledale,North Eng,A,72.1,33.3
discovered,B828,Argyll & the Trossachs,A,72.1,5.3
discovered,Dover Road,East Kent,A,72.1,2.3
discovered,A826,Scottish Highlands,A,72.0,14.2
discovered,Stoner Hill,South Downs,A,72.0,2.1
discovered,Unnamed road NW of Elan Village (3),Mid-Wales / Powys,A,72.0,3.9
discovered,B2188,High Weald / East Sussex,A,71.9,14.9
discovered,B4014,Cotswolds,A,71.9,13.7
founding,N70 Ring of Kerry Caherdaniel,Ireland (RoI),A,71.9,36.0
founding,A702 Dalveen Pass,Scotland,A,71.8,42.6
discovered,A4085,Snowdonia,A,71.7,18.8
founding,A836 Tongue to Laxford Bridge,Scotland,A,71.7,50.5
discovered,B3343,Exmoor,A,71.7,5.6
founding,B4077 Tewkesbury to Stow,Cotswolds,A,71.7,25.9
discovered,Barnoldswick Road,Yorkshire Dales & Moors,A,71.7,2.6
founding,B3135 Cheddar Gorge,South West,A,71.6,10.5
discovered,B3190,Exmoor,A,71.6,27.8
discovered,B5345,Lake District,A,71.6,4.3
discovered,B976,Cairngorms & Deeside,A,71.6,63.2
discovered,Otley Road,Yorkshire Dales & Moors,A,71.6,5.8
discovered,A939,Cairngorms & Deeside,A,71.5,19.1
founding,B27 Spelga Pass Mourne Mountains,N. Ireland,A,71.5,9.0
discovered,B839,Argyll & the Trossachs,A,71.5,10.7
discovered,Stang Lane,Yorkshire Dales & Moors,A,71.5,10.1
discovered,B6478,Yorkshire Dales & Moors,A,71.4,27.1
discovered,Chapel Road,Dartmoor,A,71.3,2.2
discovered,Keerside,Forest of Bowland,A,71.3,2.4
discovered,A6187,Peak District,A,71.2,3.4
discovered,B4211,Malverns & Herefordshire,A,71.2,1.5
founding,B66 Binevenagh Mountain,N. Ireland,A,71.2,15.7
discovered,B797,Southern Uplands & Borders,A,71.1,21.7
discovered,B5055,Peak District,A,71.0,8.1
discovered,B6265,Yorkshire Dales & Moors,A,71.0,45.3
discovered,Frocester Hill,Cotswolds,A,71.0,5.1
discovered,Unnamed road E of Aberhosan,Mid-Wales / Powys,A,71.0,9.2
discovered,Wyresdale Road,Forest of Bowland,A,71.0,1.5
discovered,A308,Chilterns,A,70.9,2.0
discovered,B4418,Snowdonia,A,70.9,5.7
discovered,B4594,Brecon Beacons,A,70.9,6.6
discovered,Shrewsbury Road,Shropshire Hills & Marches,A,70.9,6.2
founding,A87 Glen Shiel Five Sisters,Scotland,A,70.8,39.0
discovered,B4407,Snowdonia,A,70.8,12.9
discovered,B6049,Peak District,A,70.8,9.0
discovered,B6076,Peak District,A,70.8,3.3
discovered,B6297,North Pennines,A,70.8,3.3
founding,A498 Nantgwynant,Wales,A,70.7,13.2
discovered,A97,Cairngorms & Deeside,A,70.7,55.1
discovered,Schiehallion Road,Scottish Highlands,A,70.7,14.1
discovered,Unnamed road NW of South Carne,Cornwall,A,70.7,1.5
discovered,B3273,Cornwall,A,70.6,2.7
discovered,B4391,Snowdonia,A,70.6,1.7
discovered,B5470,Peak District,A,70.6,14.1
founding,A684 Hawes to Sedbergh,North Eng,A,70.5,25.1
discovered,A827,Argyll & the Trossachs,A,70.5,9.3
discovered,B4276,Brecon Beacons,A,70.5,2.3
discovered,B822,Argyll & the Trossachs,A,70.5,21.8
founding,A83 Rest and Be Thankful,Scotland,A,70.4,22.5
founding,B3212 Dartmoor cross,South West,A,70.4,23.7
discovered,B4293,Wye Valley & Forest of Dean,A,70.4,22.2
discovered,B6320,North Pennines,A,70.4,19.4
founding,R247 Rathmullan to Knockalla,Ireland (RoI),A,70.4,36.6
discovered,A382,Dartmoor,A,70.3,20.0
discovered,B3081,Dorset & New Forest,A,70.3,17.8
discovered,B9002,Cairngorms & Deeside,A,70.3,23.3
discovered,Issac's Tea Trail,North Pennines,A,70.3,5.2
discovered,A593,Lake District,A,70.2,25.5
discovered,B6251,Yorkshire Dales & Moors,A,70.2,5.7
discovered,Cairngorm Road,Scottish Highlands,A,70.2,11.1
discovered,A4281,Brecon Beacons,A,70.1,2.7
founding,A85 Crianlarich to Oban,Argyll,A,70.1,56.0
founding,B3357 Tavistock to Two Bridges,South West,A,70.1,22.3
discovered,B6274,Yorkshire Dales & Moors,A,70.1,17.3
discovered,B6342,Northumberland & Cheviots,A,70.1,20.1
discovered,B734,Southern Uplands & Borders,A,70.1,31.0
discovered,Tredegar Road,Brecon Beacons,A,70.1,1.6
discovered,A595,Lake District,A,70.0,60.6
discovered,B5054,Peak District,A,70.0,7.2
discovered,B863,Scottish Highlands,A,70.0,28.4
discovered,Unnamed road SW of Gwytherin,Denbigh Moors / North Wales,A,70.0,4.8
discovered,B2147,South Downs,A,69.9,1.5
discovered,B3401,Isle of Wight,A,69.9,15.0
discovered,B6320,Northumberland & Cheviots,A,69.9,12.7
discovered,Glen Fruin Road,Argyll & the Trossachs,A,69.9,8.2
discovered,Pitt Lane,Dartmoor,A,69.9,1.9
discovered,A225,High Weald / East Sussex,A,69.8,1.3
discovered,A54,Peak District,A,69.8,14.4
discovered,A686,North Pennines,A,69.8,20.2
discovered,B3314,Cornwall,A,69.8,23.8
discovered,B6479,Yorkshire Dales & Moors,A,69.8,14.6
founding,A827/B846 Killin to Tummel Bridge,Scotland,A,69.7,69.3
discovered,B1416,North York Moors & Wolds,A,69.7,7.1
discovered,B2099,Kent High Weald,A,69.7,2.5
discovered,B4416,Snowdonia,A,69.7,2.4
discovered,B6296,North Pennines,A,69.7,11.0
discovered,B6299,North Pennines,A,69.7,6.1
discovered,B801,Scottish Highlands,A,69.7,6.8
discovered,Unnamed road NE of Morenish,Argyll & the Trossachs,A,69.7,2.2
discovered,B4009,North Wessex Downs,A,69.6,19.4
discovered,Unnamed road SW of Coalcleugh,North Pennines,A,69.6,2.2
founding,A2 Portrush to Ballycastle,N. Ireland,A,69.5,30.4
discovered,B4632,Cotswolds,A,69.5,26.1
discovered,B664,Leicestershire & Rutland,A,69.5,13.9
discovered,Borwick Road,Forest of Bowland,A,69.5,3.7
discovered,Stainsacre Lane,North York Moors & Wolds,A,69.5,0.5
discovered,Unnamed road SE of Combe Martin,Exmoor,A,69.5,3.0
founding,A701 Devil's Beeftub,Scotland,A,69.4,15.2
founding,R568 Ballaghisheen Pass,Ireland (RoI),A,69.4,21.8
discovered,Town Head,North Pennines,A,69.4,13.5
founding,A939 Corgarff to Ballater,Scotland,A,69.3,18.6
discovered,B1203,Lincolnshire Wolds,A,69.3,19.4
discovered,Windle Edge,Peak District,A,69.3,2.7
founding,A361 Burford to Stow,South East,A,69.2,18.3
discovered,B2110,High Weald / East Sussex,A,69.2,28.9
discovered,B3358,Exmoor,A,69.2,12.0
discovered,B4226,Wye Valley & Forest of Dean,A,69.2,5.6
founding,B4235 Chepstow to Usk,Wales,A,69.2,17.1
discovered,B4385,Mid-Wales / Powys,A,69.2,34.2
discovered,B9120,Cairngorms & Deeside,A,69.2,14.5
discovered,Hay Lane,North Wessex Downs,A,69.2,4.3
discovered,Unnamed road W of Kestle (2),Cornwall,A,69.2,2.3
discovered,A592,Lake District,A,69.1,30.8
discovered,B954,Cairngorms & Deeside,A,69.1,14.8
discovered,Brierlow Lane,Peak District,A,69.1,0.9
discovered,Ffordd Maeshafn,Denbigh Moors / North Wales,A,69.1,8.7
discovered,Healeyfield Lane,North Pennines,A,69.1,3.4
discovered,Unnamed road NE of Uldale,Lake District,A,69.1,2.6
discovered,Unnamed road NW of Kiltyrie (2),Scottish Highlands,A,69.1,2.6
founding,A1107 Coldingham Coast,Scotland,A,69.0,20.3
founding,A4059 Hirwaun to Storey Arms,Wales,A,69.0,14.3
discovered,A625,Peak District,A,69.0,7.1
founding,A93 Cairnwell Pass,Scotland,A,69.0,22.9
discovered,B2026,Surrey Hills & North Downs,A,69.0,7.8
discovered,B4356,Mid-Wales / Powys,A,69.0,25.0
discovered,B4518,Mid-Wales / Powys,A,69.0,48.2
discovered,B6054,Peak District,A,69.0,4.2
founding,A832 Wester Ross,Scotland,A,68.9,113.6
discovered,B2100,Kent High Weald,A,68.9,14.9
discovered,B3275,Cornwall,A,68.9,10.5
discovered,B4073,Cotswolds,A,68.9,4.5
discovered,Devil's Dyke Road,South Downs,A,68.9,0.6
discovered,Devil's Staircase,Mid-Wales / Powys,A,68.9,1.8
discovered,A29,South Downs,A,68.8,17.1
discovered,A371,Mendips,A,68.8,3.5
discovered,A5004,Peak District,A,68.8,10.7
founding,A830 Fort William to Mallaig (Road to the Isles),Scotland,A,68.8,65.8
discovered,Ankers Lane,Peak District,A,68.8,4.8
discovered,B5105,Snowdonia,A,68.7,4.1
discovered,B5299,Lake District,A,68.7,14.3
discovered,B7007,Southern Uplands & Borders,A,68.7,9.4
discovered,Plenmeller Road,North Pennines,A,68.7,4.8
founding,R559 Slea Head Drive,Ireland (RoI),A,68.7,45.9
discovered,Unnamed road E of Wallacetown (1),Southern Uplands & Borders,A,68.7,6.1
discovered,Unnamed road NE of Unthank,North Pennines,A,68.7,1.7
discovered,B6282,North Pennines,A,68.6,20.8
discovered,B6480,Yorkshire Dales & Moors,A,68.6,18.0
discovered,B8043,Scottish Highlands,A,68.6,21.1
discovered,Unnamed road NE of Hathersage Booths (1),Peak District,A,68.6,2.8
discovered,Unnamed road SE of Thornley with Wheatley,Yorkshire Dales & Moors,A,68.6,2.5
discovered,A233,Surrey Hills & North Downs,A,68.5,3.7
discovered,B1249,North York Moors & Wolds,A,68.5,22.0
discovered,B2033,Surrey Hills & North Downs,A,68.5,4.9
discovered,B3254,Cornwall,A,68.5,32.6
discovered,Harberwain Lane,Yorkshire Dales & Moors,A,68.5,2.4
discovered,Otter Hill Road,Argyll & the Trossachs,A,68.5,8.7
discovered,A345,North Wessex Downs,A,68.4,14.1
founding,A896 Torridon Kinlochewe to Lochcarron,Scotland,A,68.4,55.8
discovered,Fulwood Lane,Peak District,A,68.4,1.9
discovered,Hill Road,Chilterns,A,68.4,1.7
discovered,Quernmore Road,Forest of Bowland,A,68.4,5.8
discovered,Unnamed road E of Llanddewi Brefi (1),Mid-Wales / Powys,A,68.4,7.7
founding,A683 Kirkby Stephen to Sedbergh,North Eng,A,68.3,18.9
discovered,B3274,Cornwall,A,68.3,16.8
discovered,B3387,Dartmoor,A,68.3,10.6
discovered,B4506,Chilterns,A,68.3,10.4
discovered,B742,Southern Uplands & Borders,A,68.3,14.4
discovered,Clodhall Lane,Peak District,A,68.3,2.3
discovered,Common Bank,North Pennines,A,68.3,1.9
discovered,Parkend Road,Wye Valley & Forest of Dean,A,68.3,2.1
discovered,Upper Road,East Kent,A,68.3,3.9
discovered,A264,High Weald / East Sussex,A,68.2,18.4
discovered,A46,Cotswolds,A,68.2,20.8
discovered,A5092,Lake District,A,68.2,8.5
discovered,B2042,Kent High Weald,A,68.2,10.2
founding,B4520 Brecon to Builth Wells,Wales,A,68.2,26.5
discovered,B869,Scottish Highlands,A,68.2,38.6
discovered,Devauden Road,Wye Valley & Forest of Dean,A,68.2,5.7
discovered,Unnamed road E of Tregaron (1),Mid-Wales / Powys,A,68.2,6.7
discovered,A3123,Exmoor,A,68.1,10.5
discovered,A635,Peak District,A,68.1,2.1
discovered,B2024,Surrey Hills & North Downs,A,68.1,5.9
discovered,B4395,Mid-Wales / Powys,A,68.1,11.2
founding,B6306 Blanchland to Edmundbyers,N.Pennines,A,68.1,24.0
discovered,C98a,Southern Uplands & Borders,A,68.1,2.4
discovered,Kirk Edge Road,Peak District,A,68.1,3.8
discovered,A819,Argyll & the Trossachs,A,68.0,23.0
discovered,B5056,Peak District,A,68.0,13.1
discovered,B6261,Yorkshire Dales & Moors,A,68.0,10.5
founding,Fleet Moss B6160,North Eng,A,68.0,14.9
discovered,A361,Exmoor,B,67.9,22.9
discovered,A5084,Lake District,B,67.9,8.1
discovered,A5091,Lake District,B,67.9,7.3
discovered,A5270,Peak District,B,67.9,4.2
discovered,A689,North Pennines,B,67.9,46.4
discovered,B4389,Mid-Wales / Powys,B,67.9,21.1
discovered,B6270,Yorkshire Dales & Moors,B,67.9,9.8
discovered,Goyt's Lane,Peak District,B,67.9,2.6
discovered,Northcote Lane,Exmoor,B,67.9,2.2
discovered,Sir Robert's Path,Exmoor,B,67.9,1.7
discovered,A3124,Dartmoor,B,67.8,16.5
discovered,B2115,South Downs,B,67.8,6.7
discovered,B3294,Cornwall,B,67.8,1.5
discovered,B6259,Yorkshire Dales & Moors,B,67.8,25.5
discovered,Cow Wath Bank,North York Moors & Wolds,B,67.8,3.3
discovered,Hargate Hall Road,Peak District,B,67.8,3.6
discovered,Potter's Side Lane,North York Moors & Wolds,B,67.8,3.6
discovered,Unnamed road N of Langdon Beck,North Pennines,B,67.8,1.1
discovered,A25,Kent High Weald,B,67.7,6.1
discovered,A4151,Wye Valley & Forest of Dean,B,67.7,5.0
discovered,Alfriston Road,South Downs,B,67.7,2.6
discovered,B4396,Mid-Wales / Powys,B,67.7,10.9
discovered,B6294,North Pennines,B,67.7,5.9
discovered,B9007,Scottish Highlands,B,67.7,29.6
discovered,Trough Road,Forest of Bowland,B,67.7,10.1
discovered,Two Laws Road,Yorkshire Dales & Moors,B,67.7,4.8
discovered,Unnamed road NW of Llansantffraed-Cwmdeuddwr (2),Mid-Wales / Powys,B,67.7,6.9
discovered,A286,South Downs,B,67.6,16.6
discovered,A4173,Cotswolds,B,67.6,3.4
discovered,A470,Snowdonia,B,67.6,43.5
discovered,B3289,Cornwall,B,67.6,8.2
discovered,B706,Southern Uplands & Borders,B,67.6,8.5
discovered,Crocknorth Road,Surrey Hills & North Downs,B,67.6,2.6
discovered,A3079,Dartmoor,B,67.5,18.9
discovered,A379,Dartmoor,B,67.5,2.2
founding,A515 Ashbourne to Buxton,Peak,B,67.5,32.6
discovered,A714,Southern Uplands & Borders,B,67.5,46.8
discovered,B3318,Cornwall,B,67.5,5.2
discovered,B4035,Cotswolds,B,67.5,34.2
discovered,B872,Argyll & the Trossachs,B,67.5,1.6
discovered,B974,Cairngorms & Deeside,B,67.5,34.8
discovered,Old Bristol Road,Mendips,B,67.5,10.0
discovered,Unnamed road NE of Mungrisdale,Lake District,B,67.5,1.9
discovered,Unnamed road NE of Rhandirmwyn Bridge (2),Brecon Beacons,B,67.5,20.2
discovered,A350,Dorset & New Forest,B,67.4,22.5
discovered,A399,Exmoor,B,67.4,32.1
discovered,B4030,Cotswolds,B,67.4,5.2
discovered,B6356,Southern Uplands & Borders,B,67.4,10.0
founding,B6357 Saughtree to Jedburgh,Scotland,B,67.4,15.6
discovered,B781,Southern Uplands & Borders,B,67.4,7.4
discovered,B840,Argyll & the Trossachs,B,67.4,43.5
discovered,Clint Lane,Yorkshire Dales & Moors,B,67.4,3.3
discovered,Unnamed road N of Trinafour (1),Scottish Highlands,B,67.4,3.0
founding,A488 Shropshire (RW),Shropshire,B,67.3,29.2
discovered,B1363,North York Moors & Wolds,B,67.3,13.0
discovered,B3399,Isle of Wight,B,67.3,18.6
discovered,B4594,Mid-Wales / Powys,B,67.3,25.8
discovered,B480,Chilterns,B,67.3,12.4
discovered,Drumfad Road,Argyll & the Trossachs,B,67.3,2.8
founding,Hardknott Pass,North Eng,B,67.3,3.0
discovered,Keasden Road,Yorkshire Dales & Moors,B,67.3,8.3
discovered,Kinsford Hill,Exmoor,B,67.3,8.8
discovered,Middle Mills,Peak District,B,67.3,1.3
discovered,Missies Lane,Yorkshire Dales & Moors,B,67.3,4.1
discovered,Ring Hill,Dartmoor,B,67.3,7.0
discovered,Unnamed road N of Llansaintfraed in Elwel,Mid-Wales / Powys,B,67.3,2.2
discovered,Unnamed road N of Stratford Tony,Dorset & New Forest,B,67.3,2.2
discovered,Whaley Lane,Peak District,B,67.3,1.1
founding,Wrynose Pass,North Eng,B,67.3,5.2
discovered,B1365,North York Moors & Wolds,B,67.2,4.7
discovered,B3224,Exmoor,B,67.2,36.3
founding,B3276 Newquay to Padstow,South West,B,67.2,24.1
discovered,B3285,Cornwall,B,67.2,5.2
discovered,B4031,Cotswolds,B,67.2,3.3
discovered,B4501,Snowdonia,B,67.2,11.5
discovered,B5023,Peak District,B,67.2,1.4
discovered,B993,Cairngorms & Deeside,B,67.2,36.4
discovered,Ellers Road,Yorkshire Dales & Moors,B,67.2,2.1
discovered,Fairchildes Road,Surrey Hills & North Downs,B,67.2,1.6
discovered,Glen Nevis Road,Scottish Highlands,B,67.2,2.8
discovered,Hollingbourne Hill,Kent High Weald,B,67.2,1.3
discovered,Mill Lane,Exmoor,B,67.2,7.3
discovered,Oulston Road,North York Moors & Wolds,B,67.2,6.1
discovered,Unnamed road S of Manod,Snowdonia,B,67.2,1.7
discovered,Unnamed road W of Lofthouse,Yorkshire Dales & Moors,B,67.2,1.2
discovered,B1113,Norfolk & Suffolk,B,67.1,15.8
discovered,B2028,Surrey Hills & North Downs,B,67.1,9.4
discovered,B3091,Dorset & New Forest,B,67.1,13.2
discovered,B3247,Cornwall,B,67.1,6.4
discovered,B4204,Malverns & Herefordshire,B,67.1,16.4
discovered,B4507,North Wessex Downs,B,67.1,13.8
discovered,B6399,Southern Uplands & Borders,B,67.1,41.2
discovered,B8007,Scottish Highlands,B,67.1,25.4
discovered,Berry Shute,Isle of Wight,B,67.1,1.5
discovered,Britten's Lane,South Downs,B,67.1,2.5
discovered,Carn na h-Innseag,Scottish Highlands,B,67.1,6.5
discovered,Lowna Road,North York Moors & Wolds,B,67.1,1.5
discovered,Moor Lane,Yorkshire Dales & Moors,B,67.1,20.5
discovered,B2026,Kent High Weald,B,67.0,2.9
discovered,B4573,Snowdonia,B,67.0,4.9
discovered,B6257,Yorkshire Dales & Moors,B,67.0,7.4
discovered,B845,Argyll & the Trossachs,B,67.0,21.7
discovered,Fryup Hall Lane,North York Moors & Wolds,B,67.0,0.3
discovered,Hatherleigh Road,Dartmoor,B,67.0,1.3
discovered,Heggle Lane,Lake District,B,67.0,0.9
discovered,Rues Lane,Yorkshire Dales & Moors,B,67.0,1.7
discovered,Swerford heath hill,Cotswolds,B,67.0,4.0
discovered,Unnamed road N of Carr Shield,North Pennines,B,67.0,10.4
discovered,White Gate Hill,North York Moors & Wolds,B,67.0,2.1
founding,A396 Tiverton to Dunster,South West,B,66.9,47.6
discovered,A6,Leicestershire & Rutland,B,66.9,3.0
discovered,B3297,Cornwall,B,66.9,12.4
discovered,B3417,Dartmoor,B,66.9,6.2
discovered,B4358,Mid-Wales / Powys,B,66.9,16.1
discovered,B4450,Cotswolds,B,66.9,13.5
discovered,B4494,Cotswolds,B,66.9,3.9
discovered,B6318,North Pennines,B,66.9,66.3
founding,R335 Louisburg to Leenaun via Doolough,Ireland (RoI),B,66.9,46.1
discovered,Unnamed road E of Dylife,Mid-Wales / Powys,B,66.9,2.2
discovered,Vowels Lane,High Weald / East Sussex,B,66.9,2.9
discovered,A157,Lincolnshire Wolds,B,66.8,15.7
discovered,A40,Cotswolds,B,66.8,29.3
discovered,B2026,High Weald / East Sussex,B,66.8,20.3
discovered,B2028,High Weald / East Sussex,B,66.8,7.5
discovered,B2100,High Weald / East Sussex,B,66.8,6.9
discovered,B4368,Mid-Wales / Powys,B,66.8,28.8
discovered,B4393,Mid-Wales / Powys,B,66.8,34.2
discovered,B6318,Southern Uplands & Borders,B,66.8,32.7
discovered,B7040,Southern Uplands & Borders,B,66.8,7.6
discovered,Brill Road,Chilterns,B,66.8,3.2
discovered,Grin Low Road,Peak District,B,66.8,2.5
discovered,Manor Hill,Lincolnshire Wolds,B,66.8,1.7
discovered,Northlew Road,Dartmoor,B,66.8,5.8
discovered,Portford Bridge,Exmoor,B,66.8,4.9
founding,R571 Ring of Beara,Ireland (RoI),B,66.8,42.7
discovered,Sham Farm Road,High Weald / East Sussex,B,66.8,2.2
discovered,Unnamed road E of Walburn Hall,Yorkshire Dales & Moors,B,66.8,2.4
discovered,Unnamed road SW of Battersby,North York Moors & Wolds,B,66.8,2.5
discovered,A174,North York Moors & Wolds,B,66.7,11.6
discovered,A228,High Weald / East Sussex,B,66.7,4.9
discovered,A3058,Cornwall,B,66.7,13.0
discovered,A390,Dartmoor,B,66.7,9.2
discovered,A458,Snowdonia,B,66.7,11.4
discovered,B1366,North York Moors & Wolds,B,66.7,5.9
discovered,B2036,High Weald / East Sussex,B,66.7,7.3
discovered,B3263,Cornwall,B,66.7,5.3
discovered,B4248,Brecon Beacons,B,66.7,6.4
discovered,B6260,Yorkshire Dales & Moors,B,66.7,15.2
discovered,Cross Top,Yorkshire Dales & Moors,B,66.7,6.7
discovered,Grimstead Road,Dorset & New Forest,B,66.7,6.3
discovered,Low Wood Lane,North York Moors & Wolds,B,66.7,3.3
discovered,Lowfield Lane,Lincolnshire Wolds,B,66.7,1.7
discovered,Missenden Road,Chilterns,B,66.7,7.0
discovered,Redbridge Lane,High Weald / East Sussex,B,66.7,2.4
discovered,Sheffield Road,Peak District,B,66.7,6.9
discovered,Sissy Bank,Yorkshire Dales & Moors,B,66.7,3.3
discovered,The Trench,Northumberland & Cheviots,B,66.7,9.8
discovered,Unnamed road NE of Dolgellau,Snowdonia,B,66.7,3.5
discovered,Unnamed road SE of Stainburn,Lake District,B,66.7,2.0
discovered,A39,Mendips,B,66.6,11.5
discovered,A817,Argyll & the Trossachs,B,66.6,14.2
discovered,A846,Argyll & the Trossachs,B,66.6,29.6
founding,A861 Sunart / Ardgour,Scotland,B,66.6,69.2
discovered,A889,Scottish Highlands,B,66.6,12.5
discovered,B4022,Cotswolds,B,66.6,22.5
discovered,B4479,Cotswolds,B,66.6,8.5
discovered,B6465,Peak District,B,66.6,4.9
discovered,Buxton Old Road,Peak District,B,66.6,4.3
discovered,C29,Argyll & the Trossachs,B,66.6,27.1
discovered,Copse Drove,North Wessex Downs,B,66.6,2.0
discovered,Garway Common Road,Wye Valley & Forest of Dean,B,66.6,6.2
discovered,Longdown Hill,Chilterns,B,66.6,2.2
discovered,Newstone Bridge,Peak District,B,66.6,1.4
discovered,North Moor Lane,North York Moors & Wolds,B,66.6,4.9
discovered,Slough Bridge,Brecon Beacons,B,66.6,4.8
discovered,Unnamed road NW of Abergwesyn (3),Mid-Wales / Powys,B,66.6,1.9
discovered,Unnamed road SW of Little Asby,Yorkshire Dales & Moors,B,66.6,3.1
discovered,Unnamed road W of Cefn Coch (1),Mid-Wales / Powys,B,66.6,8.0
discovered,A168,North York Moors & Wolds,B,66.5,11.7
discovered,A367,Mendips,B,66.5,3.4
discovered,B2176,High Weald / East Sussex,B,66.5,8.5
discovered,B4058,Cotswolds,B,66.5,4.2
discovered,B6359,Southern Uplands & Borders,B,66.5,27.8
discovered,B7027,Southern Uplands & Borders,B,66.5,24.1
discovered,B9008,Cairngorms & Deeside,B,66.5,21.5
discovered,Chinnor Road,Chilterns,B,66.5,1.8
discovered,Copperage Road,North Wessex Downs,B,66.5,1.9
discovered,Dick Lane,Yorkshire Dales & Moors,B,66.5,1.3
discovered,Ringinglow Road,Peak District,B,66.5,3.1
discovered,Standing Stone Road,Peak District,B,66.5,2.8
discovered,Unnamed road E of Bronaber (3),Snowdonia,B,66.5,5.5
discovered,Unnamed road SW of Llangurig (2),Mid-Wales / Powys,B,66.5,2.9
discovered,Washington Bostal,South Downs,B,66.5,1.0
founding,A3055 IoW Military Road,IoW,B,66.4,21.5
discovered,A3072,Dartmoor,B,66.4,53.2
discovered,A470,Brecon Beacons,B,66.4,43.3
discovered,A5086,Lake District,B,66.4,20.3
discovered,A544,Denbigh Moors / North Wales,B,66.4,12.9
founding,A712 Galloway Forest,Scotland,B,66.4,9.0
discovered,B1146,Norfolk & Suffolk,B,66.4,14.1
discovered,Gowlands Terrace,Southern Uplands & Borders,B,66.4,2.3
discovered,Hadlow Down Road,High Weald / East Sussex,B,66.4,2.9
discovered,Langburn's Bank,North York Moors & Wolds,B,66.4,5.0
founding,R477 Black Head / Burren Coastal,Ireland (RoI),B,66.4,28.8
founding,R562 Gap of Dunloe,Ireland (RoI),B,66.4,3.3
discovered,Salter Lonning,Lake District,B,66.4,4.5
discovered,School Lane,Yorkshire Dales & Moors,B,66.4,2.6
discovered,Unnamed road SE of Treuddyn,Denbigh Moors / North Wales,B,66.4,3.0
founding,A82 Loch Lomond,Scotland,B,66.3,83.5
founding,A890 Strathcarron to Lochcarron,Scotland,B,66.3,39.2
discovered,A9,Scottish Highlands,B,66.3,76.0
discovered,B1253,North York Moors & Wolds,B,66.3,32.1
discovered,B3322,Isle of Wight,B,66.3,1.4
discovered,B4340,Mid-Wales / Powys,B,66.3,16.1
discovered,B6160,Yorkshire Dales & Moors,B,66.3,36.5
discovered,Clitheroe Road,Yorkshire Dales & Moors,B,66.3,1.7
discovered,Norbeck Bank,Yorkshire Dales & Moors,B,66.3,3.1
discovered,Pont Traws-afon,Denbigh Moors / North Wales,B,66.3,0.8
discovered,Raithby Road,Lincolnshire Wolds,B,66.3,1.3
discovered,Stroud Wood Road,Isle of Wight,B,66.3,1.5
discovered,Unnamed road SE of Dundonnell,Scottish Highlands,B,66.3,2.0
discovered,A227,Kent High Weald,B,66.2,10.1
discovered,A3121,Dartmoor,B,66.2,7.1
discovered,A483,Mid-Wales / Powys,B,66.2,28.8
discovered,A624,Peak District,B,66.2,10.1
discovered,B2079,Kent High Weald,B,66.2,18.4
discovered,B2086,Kent High Weald,B,66.2,9.7
discovered,B3287,Cornwall,B,66.2,6.0
discovered,B4068,Cotswolds,B,66.2,12.4
discovered,B4521,Brecon Beacons,B,66.2,16.2
discovered,B482,Chilterns,B,66.2,12.1
discovered,B6400,Southern Uplands & Borders,B,66.2,23.4
discovered,B7060,Southern Uplands & Borders,B,66.2,3.7
discovered,B8074,Argyll & the Trossachs,B,66.2,16.2
discovered,Bowerhouse Bank,Lake District,B,66.2,4.7
discovered,Caistor Road,Lincolnshire Wolds,B,66.2,5.4
discovered,Skell Gill Bridge,Yorkshire Dales & Moors,B,66.2,4.3
discovered,Skipton Old Road,Yorkshire Dales & Moors,B,66.2,7.6
discovered,The Struggle,Lake District,B,66.2,3.3
discovered,Townsend,Wye Valley & Forest of Dean,B,66.2,1.8
discovered,Unnamed road E of Dowlais Top,Brecon Beacons,B,66.2,1.9
discovered,Unnamed road SE of Carroch,Cairngorms & Deeside,B,66.2,2.8
discovered,Unnamed road SW of Allendale,North Pennines,B,66.2,2.0
discovered,Wilderwick Road,High Weald / East Sussex,B,66.2,2.1
founding,A4117 Clee Hill to Ludlow (RW),Shropshire,B,66.1,12.6
discovered,A481,Mid-Wales / Powys,B,66.1,15.0
discovered,A95,Cairngorms & Deeside,B,66.1,23.5
discovered,B4364,Shropshire Hills & Marches,B,66.1,26.5
discovered,B7045,Southern Uplands & Borders,B,66.1,12.2
discovered,B8008,Scottish Highlands,B,66.1,9.6
discovered,Bale Hill,North Pennines,B,66.1,2.0
discovered,Beara Hill,Exmoor,B,66.1,2.7
discovered,Brinkhill Road,Lincolnshire Wolds,B,66.1,1.2
discovered,C9,Argyll & the Trossachs,B,66.1,10.6
discovered,Carsaig Road,Argyll & the Trossachs,B,66.1,6.4
discovered,Coombe Lane,Dartmoor,B,66.1,2.7
founding,Glen Etive,Scotland,B,66.1,19.6
discovered,Leek Road,Peak District,B,66.1,11.9
discovered,Loud Bridge Road,Forest of Bowland,B,66.1,2.1
discovered,Mowthorp Road,North York Moors & Wolds,B,66.1,2.6
discovered,Old Buxton Road,Peak District,B,66.1,1.7
discovered,Quernmore Brow,Forest of Bowland,B,66.1,1.7
discovered,Rakehouse Brow,Forest of Bowland,B,66.1,3.9
discovered,Redcar Lane,Yorkshire Dales & Moors,B,66.1,1.5
discovered,Strickens Lane,Forest of Bowland,B,66.1,4.4
discovered,Torhole Bottom,Mendips,B,66.1,2.0
discovered,Trough Road,Yorkshire Dales & Moors,B,66.1,8.0
discovered,Unnamed road NW of Buttermere,North Wessex Downs,B,66.1,1.3
discovered,Unnamed road S of Thornley Gate,North Pennines,B,66.1,1.9
discovered,Unnamed road SW of Inkerman,North Pennines,B,66.1,1.3
discovered,Wells Road,Mendips,B,66.1,4.3
discovered,Whipperdale Bank,Yorkshire Dales & Moors,B,66.1,5.1
discovered,White's Hill,North Wessex Downs,B,66.1,2.5
discovered,A40,Chilterns,B,66.0,20.2
discovered,A429,Cotswolds,B,66.0,16.6
discovered,A479,Brecon Beacons,B,66.0,11.5
discovered,A525,Denbigh Moors / North Wales,B,66.0,20.4
discovered,A6034,Yorkshire Dales & Moors,B,66.0,3.4
discovered,A684,Yorkshire Dales & Moors,B,66.0,41.6
discovered,A941,Cairngorms & Deeside,B,66.0,33.7
discovered,B2132,South Downs,B,66.0,2.0
discovered,B2148,South Downs,B,66.0,2.1
discovered,B4228,Wye Valley & Forest of Dean,B,66.0,14.0
discovered,B796,Southern Uplands & Borders,B,66.0,10.4
discovered,Bail Hill Road,North Pennines,B,66.0,1.6
discovered,Bartley Mill Road,High Weald / East Sussex,B,66.0,2.5
discovered,Blakey Lane,North York Moors & Wolds,B,66.0,6.3
discovered,Cold Fell,Lake District,B,66.0,14.3
discovered,Gun Hill Road,Peak District,B,66.0,3.5
discovered,Hanlye Lane,High Weald / East Sussex,B,66.0,1.2
discovered,Pendle Road,Yorkshire Dales & Moors,B,66.0,5.5
discovered,Raw Bank,Yorkshire Dales & Moors,B,66.0,2.3
discovered,Trapping Hill,Yorkshire Dales & Moors,B,66.0,10.8
discovered,Unnamed road S of Etchinghill,Kent High Weald,B,66.0,1.8
discovered,Unnamed road W of Churchtown,Exmoor,B,66.0,2.4
discovered,A4104,Cotswolds,B,65.9,17.1
discovered,A938,Scottish Highlands,B,65.9,12.9
discovered,B2126,Surrey Hills & North Downs,B,65.9,12.0
discovered,B3145,Dorset & New Forest,B,65.9,1.4
discovered,B3146,Dorset & New Forest,B,65.9,2.6
discovered,B3227,Exmoor,B,65.9,70.9
discovered,B3267,Cornwall,B,65.9,5.9
discovered,B4391,Mid-Wales / Powys,B,65.9,8.9
discovered,B5301,Lake District,B,65.9,4.7
discovered,B5384,Denbigh Moors / North Wales,B,65.9,11.8
discovered,B6521,Peak District,B,65.9,2.3
discovered,B955,Cairngorms & Deeside,B,65.9,32.0
discovered,Bells Yew Green Road,High Weald / East Sussex,B,65.9,2.0
discovered,Church Street,Cotswolds,B,65.9,2.4
founding,N71 Glengarriff to Mizen,Ireland (RoI),B,65.9,36.4
discovered,Old Frome Road,Mendips,B,65.9,9.7
discovered,Peters Lane,Chilterns,B,65.9,3.5
discovered,Rathad Ghleann Beag Road,Scottish Highlands,B,65.9,4.6
discovered,Unnamed road NE of Barras,Yorkshire Dales & Moors,B,65.9,1.9
discovered,Unnamed road NW of West Woodyates,Dorset & New Forest,B,65.9,1.2
discovered,A6,Peak District,B,65.8,13.7
discovered,B2042,High Weald / East Sussex,B,65.8,0.3
discovered,B2101,High Weald / East Sussex,B,65.8,1.9
discovered,B2162,Kent High Weald,B,65.8,16.1
discovered,B3323,Isle of Wight,B,65.8,4.1
discovered,B3327,Isle of Wight,B,65.8,2.5
discovered,B4000,North Wessex Downs,B,65.8,36.6
discovered,B5057,Peak District,B,65.8,6.1
discovered,B776,Southern Uplands & Borders,B,65.8,8.3
discovered,B786,Argyll & the Trossachs,B,65.8,12.6
discovered,Corney Fell Road,Lake District,B,65.8,13.3
discovered,East Meon Road,South Downs,B,65.8,4.6
discovered,Exford Road,Exmoor,B,65.8,6.7
discovered,Faircrouch Lane,High Weald / East Sussex,B,65.8,1.5
discovered,Mortimer Road,Peak District,B,65.8,1.1
discovered,Selham Road,South Downs,B,65.8,7.9
discovered,Unnamed road S of Towie (2),Cairngorms & Deeside,B,65.8,4.7
discovered,Unnamed road SE of Corntown,Dartmoor,B,65.8,1.6
discovered,Unnamed road W of Arnisdale (2),Scottish Highlands,B,65.8,7.0
discovered,Walmsley Bridge Lane,Forest of Bowland,B,65.8,1.8
discovered,Windy Bank Road,North Pennines,B,65.8,7.8
discovered,A494,Snowdonia,B,65.7,16.2
discovered,A5093,Lake District,B,65.7,1.7
discovered,B1248,North York Moors & Wolds,B,65.7,32.2
discovered,B2114,High Weald / East Sussex,B,65.7,4.7
discovered,B3215,Dartmoor,B,65.7,8.6
discovered,B4437,Cotswolds,B,65.7,8.3
discovered,B5284,Lake District,B,65.7,10.1
discovered,B788,Argyll & the Trossachs,B,65.7,12.6
discovered,B8024,Argyll & the Trossachs,B,65.7,48.8
discovered,Billy Lane,North Pennines,B,65.7,3.9
discovered,Boringdon Hill,Dartmoor,B,65.7,7.4
discovered,Egton Bank,North York Moors & Wolds,B,65.7,1.8
discovered,Garway Road,Wye Valley & Forest of Dean,B,65.7,2.1
discovered,New Road,Cornwall,B,65.7,2.7
discovered,Roach Road,Forest of Bowland,B,65.7,3.1
discovered,Ruckland Lane,Lincolnshire Wolds,B,65.7,3.1
discovered,Unnamed road SW of Tathwell,Lincolnshire Wolds,B,65.7,2.6
discovered,A37,Mendips,B,65.6,14.8
discovered,A435,Cotswolds,B,65.6,21.0
discovered,A68,North Pennines,B,65.6,32.3
discovered,B2028,South Downs,B,65.6,4.4
discovered,B2112,South Downs,B,65.6,5.9
discovered,B3196,Dartmoor,B,65.6,2.2
discovered,B6358,Southern Uplands & Borders,B,65.6,6.2
discovered,Green Lane,Exmoor,B,65.6,4.0
discovered,Hazelhead Lane,Forest of Bowland,B,65.6,2.1
discovered,King's Road,Southern Uplands & Borders,B,65.6,2.3
discovered,Meadows Edge,North Pennines,B,65.6,6.3
discovered,North Lane,Yorkshire Dales & Moors,B,65.6,2.3
discovered,Old Barnstaple Road,Exmoor,B,65.6,5.5
discovered,Sheephill Road,Peak District,B,65.6,2.0
discovered,Unnamed road W of Abergwesyn,Mid-Wales / Powys,B,65.6,5.4
discovered,Wood Lane,Leicestershire & Rutland,B,65.6,2.5
discovered,A228,Kent High Weald,B,65.5,7.9
discovered,A267,High Weald / East Sussex,B,65.5,17.5
discovered,A386,Dartmoor,B,65.5,48.4
discovered,A493,Snowdonia,B,65.5,9.8
discovered,B1077,Norfolk & Suffolk,B,65.5,28.1
discovered,B1342,Northumberland & Cheviots,B,65.5,7.5
discovered,B2063,Kent High Weald,B,65.5,1.6
discovered,B3192,Dartmoor,B,65.5,3.0
discovered,B4220,Malverns & Herefordshire,B,65.5,13.5
discovered,B4494,North Wessex Downs,B,65.5,20.8
discovered,B7039,Southern Uplands & Borders,B,65.5,2.5
discovered,B7068,Southern Uplands & Borders,B,65.5,27.6
discovered,Barras Brow,Yorkshire Dales & Moors,B,65.5,6.1
discovered,Battenhurst Road,Kent High Weald,B,65.5,1.9
discovered,Cae'r Odyn,Denbigh Moors / North Wales,B,65.5,1.0
discovered,Dacre Lane,Yorkshire Dales & Moors,B,65.5,2.9
discovered,Easing Lane,Peak District,B,65.5,1.8
discovered,Epwell Road,Cotswolds,B,65.5,4.7
discovered,Goodley Stock Road,Surrey Hills & North Downs,B,65.5,2.1
discovered,Hesket Bridge,Lake District,B,65.5,1.6
discovered,Unnamed road NW of Darite,Cornwall,B,65.5,2.3
discovered,Youlgrave Road,Peak District,B,65.5,2.6
discovered,A25,High Weald / East Sussex,B,65.4,2.4
discovered,A3078,Cornwall,B,65.4,23.1
discovered,A387,Cornwall,B,65.4,17.2
discovered,A4212,Snowdonia,B,65.4,20.8
discovered,A6088,Southern Uplands & Borders,B,65.4,8.8
discovered,A944,Cairngorms & Deeside,B,65.4,26.7
discovered,B1347,Berwickshire Coast,B,65.4,10.1
discovered,B2192,South Downs,B,65.4,18.1
discovered,B4257,Brecon Beacons,B,65.4,1.0
discovered,B4385,Shropshire Hills & Marches,B,65.4,29.9
discovered,B4501,Denbigh Moors / North Wales,B,65.4,16.6
discovered,B5105,Denbigh Moors / North Wales,B,65.4,15.4
discovered,B6106,Peak District,B,65.4,8.0
discovered,B6310,North Pennines,B,65.4,7.1
discovered,B6341,Northumberland & Cheviots,B,65.4,45.0
discovered,B6344,Northumberland & Cheviots,B,65.4,9.1
founding,B6355 Eyemouth to Gifford over Lammermuir,Scotland,B,65.4,52.4
discovered,Broammire Road,Yorkshire Dales & Moors,B,65.4,3.0
discovered,Dent Gate Lane,North Pennines,B,65.4,10.9
discovered,Dunford Road,Peak District,B,65.4,3.9
discovered,Linch Road,South Downs,B,65.4,3.1
discovered,Llwybr y Gath,Mid-Wales / Powys,B,65.4,7.2
discovered,Middle Moor Lane,Yorkshire Dales & Moors,B,65.4,1.5
discovered,Peth of Minnonie,Cairngorms & Deeside,B,65.4,1.8
discovered,Prion Road,Denbigh Moors / North Wales,B,65.4,10.5
discovered,Stanghow Road,North York Moors & Wolds,B,65.4,3.7
discovered,Unnamed road N of Upper Barr,Southern Uplands & Borders,B,65.4,3.8
discovered,Unnamed road N of Waddon,Dartmoor,B,65.4,1.7
discovered,Unnamed road NE of Bollihope,North Pennines,B,65.4,1.1
discovered,Unnamed road SE of Thorganby,Lincolnshire Wolds,B,65.4,1.1
discovered,A3400,Cotswolds,B,65.3,12.7
discovered,A6108,Yorkshire Dales & Moors,B,65.3,41.2
discovered,B2102,South Downs,B,65.3,6.3
discovered,B2169,Kent High Weald,B,65.3,10.6
discovered,B2177,South Downs,B,65.3,2.1
discovered,B3143,Dorset & New Forest,B,65.3,16.7
founding,B4437 Burford to Charlbury,South East,B,65.3,9.9
discovered,B4521,Wye Valley & Forest of Dean,B,65.3,11.0
discovered,B725,Southern Uplands & Borders,B,65.3,24.8
discovered,Cadover Bridge,Dartmoor,B,65.3,5.8
discovered,Caton Green Road,Forest of Bowland,B,65.3,1.8
discovered,Fell Foot Brow,Lake District,B,65.3,1.6
discovered,Haywards Heath Road,High Weald / East Sussex,B,65.3,3.2
discovered,Hopton Via Gellia,Peak District,B,65.3,1.9
discovered,Inkpen Road,North Wessex Downs,B,65.3,1.1
discovered,Legsheath Lane,High Weald / East Sussex,B,65.3,3.2
discovered,Nic O the Balloch,Southern Uplands & Borders,B,65.3,6.2
founding,R108 Ballyboughal to Drogheda,Ireland (RoI),B,65.3,48.3
discovered,Rowardennan Road,Argyll & the Trossachs,B,65.3,10.4
discovered,The Rake,Peak District,B,65.3,2.8
discovered,Unnamed road N of Tarland (1),Cairngorms & Deeside,B,65.3,1.5
discovered,Unnamed road SE of Whashton,Yorkshire Dales & Moors,B,65.3,1.9
discovered,A285,South Downs,B,65.2,4.7
founding,A5 — Cerrigydrudion to Pentrefoelas,Wales,B,65.2,8.7
discovered,A59,Yorkshire Dales & Moors,B,65.2,33.4
discovered,A685,Yorkshire Dales & Moors,B,65.2,26.8
discovered,A723,Southern Uplands & Borders,B,65.2,6.8
discovered,B1447,North York Moors & Wolds,B,65.2,3.0
discovered,B2016,Kent High Weald,B,65.2,4.9
discovered,B269,High Weald / East Sussex,B,65.2,2.9
discovered,B3257,Dartmoor,B,65.2,6.2
discovered,B4026,Cotswolds,B,65.2,10.6
discovered,B4081,Cotswolds,B,65.2,7.2
discovered,B4355,Mid-Wales / Powys,B,65.2,41.6
discovered,B5343,Lake District,B,65.2,8.0
discovered,B7056,Southern Uplands & Borders,B,65.2,7.1
discovered,B710,Southern Uplands & Borders,B,65.2,4.3
discovered,B727,Southern Uplands & Borders,B,65.2,33.5
discovered,B740,Southern Uplands & Borders,B,65.2,21.8
discovered,B970,Scottish Highlands,B,65.2,46.4
discovered,Binbrook Road,Lincolnshire Wolds,B,65.2,1.3
discovered,Brading Down Road,Isle of Wight,B,65.2,3.6
discovered,Brimham Moor Road,Yorkshire Dales & Moors,B,65.2,1.2
discovered,Lynch Lane,Isle of Wight,B,65.2,4.0
discovered,Unnamed road N of King's Thorn,Wye Valley & Forest of Dean,B,65.2,1.0
discovered,A4043,Brecon Beacons,B,65.1,4.6
discovered,Aldbourne Road,North Wessex Downs,B,65.1,6.6
discovered,B4363,Shropshire Hills & Marches,B,65.1,21.2
discovered,B485,Chilterns,B,65.1,6.1
discovered,B7011,Southern Uplands & Borders,B,65.1,1.8
discovered,B709,Southern Uplands & Borders,B,65.1,88.1
discovered,B9006,Scottish Highlands,B,65.1,3.5
discovered,Broadwater Forest Lane,High Weald / East Sussex,B,65.1,2.1
discovered,Johnson Lane,Peak District,B,65.1,1.5
discovered,Kipscombe Hill,Exmoor,B,65.1,0.5
discovered,Monks' Road,Peak District,B,65.1,3.6
founding,N16 Glencar Valley,Ireland (RoI),B,65.1,42.1
discovered,Oak Lane,Chilterns,B,65.1,1.5
discovered,Unnamed road N of Bassenthwaite,Lake District,B,65.1,3.2
discovered,Unnamed road SE of Llangywer (1),Snowdonia,B,65.1,5.3
discovered,Winnats Pass,Peak District,B,65.1,1.4
discovered,A167,North York Moors & Wolds,B,65.0,2.0
discovered,A38,Cotswolds,B,65.0,6.1
discovered,A702,Southern Uplands & Borders,B,65.0,30.3
discovered,B2116,South Downs,B,65.0,20.8
discovered,B269,Surrey Hills & North Downs,B,65.0,11.0
founding,B4371 Much Wenlock to Church Stretton,Midlands,B,65.0,20.1
discovered,B488,Chilterns,B,65.0,5.7
discovered,B5122,Denbigh Moors / North Wales,B,65.0,4.7
discovered,Faversham Road,Kent High Weald,B,65.0,11.4
discovered,Glen Douglas Road,Argyll & the Trossachs,B,65.0,13.9
discovered,Meerbrook Road,Peak District,B,65.0,1.9
discovered,Old Gloucester Road,Cotswolds,B,65.0,4.9
discovered,Southdown Hill,Dartmoor,B,65.0,2.0
discovered,Thorncliffe Road,Peak District,B,65.0,2.8
discovered,Unnamed road S of Okeford Fitzpaine,Dorset & New Forest,B,65.0,1.3
discovered,Unnamed road SE of South Radworthy,Exmoor,B,65.0,1.8
discovered,A4120,Mid-Wales / Powys,B,64.9,17.5
discovered,A53,Peak District,B,64.9,13.8
discovered,B1124,Norfolk & Suffolk,B,64.9,2.7
discovered,B3051,North Wessex Downs,B,64.9,9.3
discovered,B3135,Mendips,B,64.9,12.2
discovered,B4019,Cotswolds,B,64.9,7.0
discovered,B4028,Wye Valley & Forest of Dean,B,64.9,1.3
discovered,Barden Road,Yorkshire Dales & Moors,B,64.9,5.1
discovered,Bolton Lane,Forest of Bowland,B,64.9,1.6
discovered,Castle Street,Cotswolds,B,64.9,3.0
discovered,Corchester Lane,North Pennines,B,64.9,3.8
discovered,Free's Avenue,North Wessex Downs,B,64.9,11.3
discovered,Hargill Lane,Yorkshire Dales & Moors,B,64.9,7.9
discovered,High Street,Dorset & New Forest,B,64.9,1.5
discovered,Lead Road,North Pennines,B,64.9,20.2
discovered,Town Lane,South Downs,B,64.9,2.1
discovered,Unnamed road N of Carnkie,Cornwall,B,64.9,1.5
discovered,Unnamed road NE of Friden,Peak District,B,64.9,1.5
discovered,Unnamed road SW of Mambeg,Argyll & the Trossachs,B,64.9,7.6
discovered,A427,Leicestershire & Rutland,B,64.8,9.1
discovered,A67,Yorkshire Dales & Moors,B,64.8,6.5
discovered,Ash Lane,Exmoor,B,64.8,5.7
discovered,B1195,Lincolnshire Wolds,B,64.8,1.3
discovered,B3082,Dorset & New Forest,B,64.8,13.8
discovered,B4009,Chilterns,B,64.8,16.8
discovered,B4357,Mid-Wales / Powys,B,64.8,11.0
discovered,B4373,Shropshire Hills & Marches,B,64.8,13.7
discovered,B5382,Denbigh Moors / North Wales,B,64.8,20.8
discovered,Birdlip Bypass,Cotswolds,B,64.8,1.4
discovered,Brow Top,North York Moors & Wolds,B,64.8,1.3
discovered,C30,Argyll & the Trossachs,B,64.8,16.6
discovered,Eartham Lane,South Downs,B,64.8,3.0
discovered,Gibbet Road,Dorset & New Forest,B,64.8,3.3
discovered,Stowe Road,Wye Valley & Forest of Dean,B,64.8,5.1
discovered,Unnamed road NW of Llansaintfraed in Elwel (2),Mid-Wales / Powys,B,64.8,1.2
discovered,Unnamed road S of Withington,Cotswolds,B,64.8,3.4
discovered,Unnamed road SE of Golberdon,Cornwall,B,64.8,2.3
discovered,Unnamed road SE of New Alston,North Pennines,B,64.8,2.5
discovered,Unnamed road W of Beck Hole,North York Moors & Wolds,B,64.8,5.1
discovered,A384,Dartmoor,B,64.7,6.5
founding,A4069 Carreg Cennen loop,Wales,B,64.7,12.7
discovered,A67,North York Moors & Wolds,B,64.7,1.8
discovered,A923,Scottish Highlands,B,64.7,8.9
discovered,A93,Cairngorms & Deeside,B,64.7,52.4
discovered,B2085,Kent High Weald,B,64.7,3.3
discovered,B2130,Surrey Hills & North Downs,B,64.7,11.3
discovered,B2139,South Downs,B,64.7,6.9
discovered,B3283,Cornwall,B,64.7,4.8
discovered,B4347,Wye Valley & Forest of Dean,B,64.7,14.4
discovered,B5322,Lake District,B,64.7,6.7
discovered,B7009,Southern Uplands & Borders,B,64.7,22.4
discovered,B7018,Southern Uplands & Borders,B,64.7,5.9
discovered,B855,Caithness & John o' Groats,B,64.7,4.0
discovered,B873,Scottish Highlands,B,64.7,22.3
discovered,B9136,Cairngorms & Deeside,B,64.7,14.1
discovered,Barlow Hill,Peak District,B,64.7,1.3
discovered,Blaze Hill,Peak District,B,64.7,1.9
discovered,Fangs Brow,Lake District,B,64.7,3.6
discovered,Hawthorns Road,Wye Valley & Forest of Dean,B,64.7,5.4
discovered,Leith Hill Road,Surrey Hills & North Downs,B,64.7,3.2
discovered,Neroche Road,Exmoor,B,64.7,2.5
discovered,Unnamed road N of Mulfra,Cornwall,B,64.7,1.8
discovered,Walesby Hill,Lincolnshire Wolds,B,64.7,1.8
founding,A4107 Afan Valley,Wales,B,64.6,24.8
discovered,A436,Cotswolds,B,64.6,33.2
discovered,B3268,Cornwall,B,64.6,6.8
discovered,B6453,Southern Uplands & Borders,B,64.6,4.0
discovered,B9119,Cairngorms & Deeside,B,64.6,44.1
discovered,B951,Cairngorms & Deeside,B,64.6,30.4
discovered,C1124,Scottish Highlands,B,64.6,7.1
discovered,Hatchet Hill,North Wessex Downs,B,64.6,1.8
discovered,Kilton Lane,North York Moors & Wolds,B,64.6,2.6
discovered,Mansgate Hill,Lincolnshire Wolds,B,64.6,1.6
discovered,Oakenclough Road,Forest of Bowland,B,64.6,2.5
discovered,Oxenwood Road,North Wessex Downs,B,64.6,2.2
discovered,Tagg Lane,Peak District,B,64.6,2.7
discovered,Thornley Road,North Pennines,B,64.6,1.6
discovered,Unnamed road S of Withiel Florey,Exmoor,B,64.6,2.3
discovered,Unnamed road SW of Mt Vernon,Cotswolds,B,64.6,1.8
discovered,Unnamed road W of Parsley Hay,Peak District,B,64.6,1.1
discovered,Westhouse Bridge,North York Moors & Wolds,B,64.6,2.8
discovered,A170,North York Moors & Wolds,B,64.5,20.2
discovered,A701,Southern Uplands & Borders,B,64.5,57.1
discovered,B3293,Cornwall,B,64.5,13.2
discovered,B4005,North Wessex Downs,B,64.5,7.4
discovered,B6319,North Pennines,B,64.5,8.0
discovered,B741,Southern Uplands & Borders,B,64.5,47.7
discovered,B784,Southern Uplands & Borders,B,64.5,3.6
discovered,Bottom Pond Road,Kent High Weald,B,64.5,5.5
discovered,Church Way,Cornwall,B,64.5,4.5
discovered,Coal Road,Yorkshire Dales & Moors,B,64.5,5.8
discovered,Hardres Court Road,Kent High Weald,B,64.5,4.4
discovered,Harpitts Lane,Dorset & New Forest,B,64.5,1.6
discovered,Highcross,Cotswolds,B,64.5,1.3
discovered,Ingworth Road,Norfolk & Suffolk,B,64.5,1.5
founding,R700 Thomastown to St Mullins,Ireland (RoI),B,64.5,34.2
discovered,Unnamed road NW of A' Ghlac,Scottish Highlands,B,64.5,4.1
discovered,Unnamed road NW of Forda (1),Dartmoor,B,64.5,1.6
discovered,Unnamed road S of Cranborne,Dorset & New Forest,B,64.5,1.3
discovered,Unnamed road S of Whaw,Yorkshire Dales & Moors,B,64.5,1.1
discovered,Unnamed road SE of Bretton,Peak District,B,64.5,2.2
discovered,Unnamed road SE of Cogden Hall,Yorkshire Dales & Moors,B,64.5,1.6
discovered,Unnamed road W of Beckses,Lake District,B,64.5,1.2
discovered,Unnamed road W of Tarrant Rushton,Dorset & New Forest,B,64.5,2.1
discovered,A391,Cornwall,B,64.4,6.6
discovered,A85,Argyll & the Trossachs,B,64.4,30.4
discovered,Aldworth Road,North Wessex Downs,B,64.4,11.5
discovered,Arkengarthdale Road,Yorkshire Dales & Moors,B,64.4,2.0
discovered,B1354,Norfolk & Suffolk,B,64.4,13.2
discovered,B4001,North Wessex Downs,B,64.4,17.3
discovered,B4399,Wye Valley & Forest of Dean,B,64.4,5.2
discovered,B6243,Yorkshire Dales & Moors,B,64.4,5.9
discovered,B6304,North Pennines,B,64.4,1.9
discovered,B6348,Northumberland & Cheviots,B,64.4,14.5
discovered,B6413,North Pennines,B,64.4,30.8
discovered,B6438,Berwickshire Coast,B,64.4,7.1
discovered,B845,Scottish Highlands,B,64.4,3.7
discovered,B866,Argyll & the Trossachs,B,64.4,4.5
discovered,B9176,Scottish Highlands,B,64.4,23.7
discovered,Cleveley Bank Lane,Forest of Bowland,B,64.4,2.3
discovered,Cliff Lane,North York Moors & Wolds,B,64.4,1.4
discovered,Cresswellpart Lane,Peak District,B,64.4,2.1
discovered,Homington Road,Dorset & New Forest,B,64.4,4.2
discovered,Procter Moss Road,Forest of Bowland,B,64.4,5.7
discovered,Sheepstreet Lane,Kent High Weald,B,64.4,4.6
discovered,Sydmonton Road,North Wessex Downs,B,64.4,6.3
discovered,Thorncliffe Bank,Peak District,B,64.4,1.6
discovered,Unnamed road E of Allgreave,Peak District,B,64.4,3.0
discovered,Unnamed road NE of Greetham,Lincolnshire Wolds,B,64.4,1.0
discovered,Unnamed road NE of Redgate,Cornwall,B,64.4,3.2
discovered,Unnamed road S of Ireby (2),Lake District,B,64.4,5.8
discovered,Unnamed road W of Lovaton (2),Dartmoor,B,64.4,1.2
discovered,A487,Snowdonia,B,64.3,12.2
discovered,A5104,Denbigh Moors / North Wales,B,64.3,11.7
discovered,A591,Lake District,B,64.3,37.4
founding,A816 Lochgilphead to Oban,Scotland,B,64.3,59.0
discovered,B1156,Norfolk & Suffolk,B,64.3,8.2
discovered,B2084,Kent High Weald,B,64.3,1.2
discovered,B2110,Surrey Hills & North Downs,B,64.3,4.3
founding,B2141/B2146 South Downs,South East,B,64.3,29.4
discovered,B4505,Chilterns,B,64.3,5.3
discovered,B5288,Lake District,B,64.3,10.4
discovered,B849,Scottish Highlands,B,64.3,18.0
discovered,B9102,Cairngorms & Deeside,B,64.3,31.0
discovered,Brickfield Road,High Weald / East Sussex,B,64.3,1.4
discovered,Britmore Lane,Dorset & New Forest,B,64.3,2.1
discovered,Church Lane,North York Moors & Wolds,B,64.3,1.1
discovered,Findhorn Bridge,Scottish Highlands,B,64.3,1.1
discovered,Grinstead Lane,High Weald / East Sussex,B,64.3,2.1
discovered,Grizedale Bridge,Forest of Bowland,B,64.3,1.5
discovered,Kingston Hill,Chilterns,B,64.3,1.4
discovered,Lane End Road,Chilterns,B,64.3,2.2
discovered,Park Road,Surrey Hills & North Downs,B,64.3,3.1
discovered,Rushup Lane,Peak District,B,64.3,2.6
discovered,Settle Road,Yorkshire Dales & Moors,B,64.3,8.1
discovered,Shield Hill,North Pennines,B,64.3,1.9
discovered,Thornton Lane,Yorkshire Dales & Moors,B,64.3,12.0
discovered,Unnamed road N of Halton Lea Gate,North Pennines,B,64.3,3.5
discovered,Unnamed road NE of Ariundle,Scottish Highlands,B,64.3,7.0
discovered,Unnamed road NE of Pentre-llyn-cymmer (2),Denbigh Moors / North Wales,B,64.3,1.6
discovered,Unnamed road NE of Temple Guiting,Cotswolds,B,64.3,1.3
discovered,Vaynor Road,Brecon Beacons,B,64.3,5.3
discovered,Westcott Lane,Exmoor,B,64.3,2.0
discovered,A72,Southern Uplands & Borders,B,64.2,26.8
discovered,B2146,South Downs,B,64.2,8.3
discovered,B3078,Dorset & New Forest,B,64.2,36.0
discovered,B3301,Cornwall,B,64.2,10.3
discovered,B5299,Southern Uplands & Borders,B,64.2,6.9
discovered,B6357,Southern Uplands & Borders,B,64.2,53.8
discovered,B6364,Southern Uplands & Borders,B,64.2,11.6
discovered,B836,Argyll & the Trossachs,B,64.2,17.2
discovered,Batham Gate,Peak District,B,64.2,2.7
discovered,Bingley Road,Yorkshire Dales & Moors,B,64.2,3.8
discovered,Bisley Road,Cotswolds,B,64.2,5.2
discovered,Churchinford Road,Exmoor,B,64.2,2.1
discovered,Daleside Road,North York Moors & Wolds,B,64.2,3.9
discovered,Ffordd Penlanbica,Mid-Wales / Powys,B,64.2,3.0
discovered,Folly Lane,South Downs,B,64.2,2.6
discovered,Kennel Hill,South Downs,B,64.2,1.4
discovered,Kingspit Lane,South Downs,B,64.2,1.9
discovered,Lade Wood Hill,Kent High Weald,B,64.2,1.0
discovered,Mudhurst Lane,Peak District,B,64.2,1.6
discovered,Park Lane,North Pennines,B,64.2,1.5
discovered,Turners Hill Road,High Weald / East Sussex,B,64.2,4.0
discovered,Unnamed road E of Egremont,Lake District,B,64.2,1.7
discovered,Unnamed road N of Hunstanworth,North Pennines,B,64.2,2.0
discovered,Unnamed road NW of Whelpo,Lake District,B,64.2,4.3
discovered,Unnamed road SW of Birdsall,North York Moors & Wolds,B,64.2,1.0
discovered,Unnamed road SW of Trewarmett,Cornwall,B,64.2,1.2
discovered,Wolsingham Road,North Pennines,B,64.2,5.9
discovered,A16,Lincolnshire Wolds,B,64.1,22.3
discovered,A252,Kent High Weald,B,64.1,13.9
discovered,A26,High Weald / East Sussex,B,64.1,7.7
discovered,A273,South Downs,B,64.1,9.0
discovered,A3082,Cornwall,B,64.1,1.6
discovered,A419,Cotswolds,B,64.1,11.1
discovered,A68,Northumberland & Cheviots,B,64.1,24.5
discovered,A696,Northumberland & Cheviots,B,64.1,16.4
discovered,B2099,High Weald / East Sussex,B,64.1,4.8
discovered,B3188,Exmoor,B,64.1,14.6
discovered,B3195,Dartmoor,B,64.1,1.1
discovered,B4444,Chilterns,B,64.1,2.4
discovered,B6048,Peak District,B,64.1,1.2
discovered,B729,Southern Uplands & Borders,B,64.1,37.8
discovered,Bardney Road,Lincolnshire Wolds,B,64.1,2.5
discovered,Beeley Lane,Peak District,B,64.1,2.2
discovered,Buckle Street,Cotswolds,B,64.1,19.4
discovered,Gloucester Road,Cotswolds,B,64.1,2.9
discovered,Jackson's Lane,Yorkshire Dales & Moors,B,64.1,1.2
discovered,Longside Road,Peak District,B,64.1,1.6
discovered,Motcombe Road,Dorset & New Forest,B,64.1,2.0
discovered,New Barn Hill,South Downs,B,64.1,3.7
discovered,Tarn Lane,Yorkshire Dales & Moors,B,64.1,6.1
discovered,The Narrows,Cotswolds,B,64.1,2.2
discovered,The Straights,Yorkshire Dales & Moors,B,64.1,3.2
discovered,Unnamed road N of Llowes (2),Brecon Beacons,B,64.1,5.2
founding,A258 Kentish rollercoaster,Kent,B,64.0,22.6
discovered,A30,Dorset & New Forest,B,64.0,36.1
discovered,A466,Wye Valley & Forest of Dean,B,64.0,36.8
discovered,A467,Brecon Beacons,B,64.0,7.4
discovered,A485,Mid-Wales / Powys,B,64.0,13.4
discovered,A712,Southern Uplands & Borders,B,64.0,41.5
discovered,A81,Argyll & the Trossachs,B,64.0,14.2
discovered,A850,Isle of Skye,B,64.0,27.4
discovered,B1436,Norfolk & Suffolk,B,64.0,2.6
discovered,B2046,Kent High Weald,B,64.0,4.0
discovered,B2068,Kent High Weald,B,64.0,17.9
discovered,B3137,Exmoor,B,64.0,33.3
discovered,B6362,Southern Uplands & Borders,B,64.0,10.5
discovered,B6368,Southern Uplands & Borders,B,64.0,9.1
discovered,B8019,Scottish Highlands,B,64.0,16.8
discovered,Bohemia Hollow,South Downs,B,64.0,1.4
discovered,Kidd's Hill,High Weald / East Sussex,B,64.0,2.7
discovered,Lidsing Road,Kent High Weald,B,64.0,4.4
discovered,Star Bank Lane,Forest of Bowland,B,64.0,2.7
discovered,Unnamed road NE of Aconbury,Wye Valley & Forest of Dean,B,64.0,5.4
discovered,Unnamed road NE of Wallacetown,Southern Uplands & Borders,B,64.0,6.5
discovered,Unnamed road NW of Elan Village (1),Mid-Wales / Powys,B,64.0,1.9
discovered,Unnamed road NW of Roan of Craigoch (1),Southern Uplands & Borders,B,64.0,6.5
discovered,Unnamed road SE of Crossway (2),Mid-Wales / Powys,B,64.0,2.5
discovered,Unnamed road SE of Holbeck,Lincolnshire Wolds,B,64.0,1.7
discovered,Wheathead Lane,Yorkshire Dales & Moors,B,64.0,2.0
discovered,A22,High Weald / East Sussex,B,63.9,17.7
discovered,A251,Kent High Weald,B,63.9,9.7
discovered,A354,Dorset & New Forest,B,63.9,44.3
discovered,A5026,Denbigh Moors / North Wales,B,63.9,10.6
discovered,A628,Peak District,B,63.9,13.4
discovered,A721,Southern Uplands & Borders,B,63.9,14.0
founding,A84 Callander to Lochearnhead,Scotland,B,63.9,22.4
discovered,B1266,North York Moors & Wolds,B,63.9,4.4
discovered,Bulworthy Knap,Exmoor,B,63.9,1.7
discovered,C1091,Scottish Highlands,B,63.9,22.9
discovered,Chipping Norton Road,Cotswolds,B,63.9,2.9
discovered,Eridge Lane,High Weald / East Sussex,B,63.9,2.2
discovered,Glen Lochay Road,Argyll & the Trossachs,B,63.9,12.5
discovered,Hammingden Lane,High Weald / East Sussex,B,63.9,1.9
discovered,Higher Road,Yorkshire Dales & Moors,B,63.9,1.6
discovered,Iden Green Road,Kent High Weald,B,63.9,1.1
discovered,Long Lane,Forest of Bowland,B,63.9,4.6
discovered,McBain's Hill,Scottish Highlands,B,63.9,13.3
discovered,Milland Lane,South Downs,B,63.9,1.5
discovered,Pitch Hill,Surrey Hills & North Downs,B,63.9,1.4
discovered,School Lane,North Pennines,B,63.9,5.2
discovered,Unnamed road NE of North Brentor,Dartmoor,B,63.9,2.5
discovered,Unnamed road S of Beaford,Exmoor,B,63.9,2.7
discovered,Unnamed road SW of Simonsbath,Exmoor,B,63.9,4.0
discovered,Unnamed road W of Langton Edge,Northumberland & Cheviots,B,63.9,4.7
discovered,Whinny Bank,North York Moors & Wolds,B,63.9,2.1
discovered,A165,North York Moors & Wolds,B,63.8,3.2
discovered,A20,Kent High Weald,B,63.8,22.0
discovered,A275,High Weald / East Sussex,B,63.8,9.0
discovered,A66,Lake District,B,63.8,23.2
discovered,B3193,Dartmoor,B,63.8,17.4
discovered,B3260,Dartmoor,B,63.8,3.1
founding,B3306 St Just to Sennen,South West,B,63.8,8.5
discovered,B4192,North Wessex Downs,B,63.8,17.8
discovered,B489,Chilterns,B,63.8,9.0
discovered,B6322,North Pennines,B,63.8,1.1
discovered,B6343,Northumberland & Cheviots,B,63.8,16.0
discovered,B7042,Southern Uplands & Borders,B,63.8,6.6
discovered,B9154,Scottish Highlands,B,63.8,10.9
discovered,Brook Hill Lane,Peak District,B,63.8,2.5
discovered,Castle Hill,Cotswolds,B,63.8,4.1
discovered,Donhead Hollow,Dorset & New Forest,B,63.8,2.5
discovered,Little Dewchurch Road,Wye Valley & Forest of Dean,B,63.8,3.6
discovered,Moor Road,Peak District,B,63.8,5.1
discovered,Ridge Hill,Peak District,B,63.8,3.2
discovered,Rosedale Chimney Bank,North York Moors & Wolds,B,63.8,4.8
discovered,Saddlescombe Road,South Downs,B,63.8,4.6
discovered,Silverhill,Kent High Weald,B,63.8,3.2
discovered,Skerray Pier Road,Scottish Highlands,B,63.8,2.7
discovered,Swan Lane,Kent High Weald,B,63.8,2.6
discovered,Unnamed road E of Cults,Cairngorms & Deeside,B,63.8,2.6
discovered,Unnamed road E of Talla Linnfoots,Southern Uplands & Borders,B,63.8,1.4
discovered,Unnamed road S of Daddry Shield,North Pennines,B,63.8,3.1
discovered,Unnamed road SW of Pica,Lake District,B,63.8,2.9
discovered,Wass Bank Road,North York Moors & Wolds,B,63.8,3.5
discovered,White Way,Cotswolds,B,63.8,2.2
discovered,A25,Surrey Hills & North Downs,B,63.7,21.2
discovered,B3312,Cornwall,B,63.7,1.2
discovered,B3356,Mendips,B,63.7,2.4
discovered,B5281,Lake District,B,63.7,2.8
discovered,B6349,Northumberland & Cheviots,B,63.7,10.3
discovered,B6480,Forest of Bowland,B,63.7,3.2
discovered,B743,Southern Uplands & Borders,B,63.7,41.8
discovered,B9102,Scottish Highlands,B,63.7,11.6
discovered,B992,Cairngorms & Deeside,B,63.7,37.2
discovered,Benton Road,Exmoor,B,63.7,2.3
discovered,Downend Road,Isle of Wight,B,63.7,1.1
discovered,High Street,Cotswolds,B,63.7,1.3
discovered,Hollycombe Lane,South Downs,B,63.7,2.8
discovered,Holme House Lane,Yorkshire Dales & Moors,B,63.7,1.7
discovered,Horns Lane,Chilterns,B,63.7,1.1
discovered,Keys Beck Road,North York Moors & Wolds,B,63.7,3.3
discovered,New Road,Peak District,B,63.7,1.5
discovered,Perrydale,Peak District,B,63.7,3.0
discovered,Scarth Nick,Yorkshire Dales & Moors,B,63.7,6.3
discovered,Unnamed road N of Lower Bowdley,Dartmoor,B,63.7,4.3
discovered,Unnamed road NW of Langtonlees,Southern Uplands & Borders,B,63.7,1.1
discovered,Unnamed road NW of Oswaldkirk,North York Moors & Wolds,B,63.7,1.8
discovered,Unnamed road SE of Trewoodloe,Cornwall,B,63.7,1.6
discovered,Unnamed road SW of Lauder Barns (1),Southern Uplands & Borders,B,63.7,3.7
discovered,A5,Snowdonia,B,63.6,21.0
discovered,A833,Scottish Highlands,B,63.6,15.6
discovered,B4066,Cotswolds,B,63.6,7.0
discovered,B4214,Malverns & Herefordshire,B,63.6,28.2
discovered,B6405,Southern Uplands & Borders,B,63.6,3.2
discovered,B7046,Southern Uplands & Borders,B,63.6,14.5
discovered,B705,Southern Uplands & Borders,B,63.6,5.2
discovered,B780,Southern Uplands & Borders,B,63.6,12.5
discovered,B834,Argyll & the Trossachs,B,63.6,1.6
discovered,B9152,Scottish Highlands,B,63.6,7.8
discovered,Blackmere Road,Peak District,B,63.6,4.3
discovered,Carter's Hill,Kent High Weald,B,63.6,1.9
discovered,Day Lane,Yorkshire Dales & Moors,B,63.6,1.2
discovered,Main Road,Lincolnshire Wolds,B,63.6,2.4
discovered,Rockbourne Road,Dorset & New Forest,B,63.6,8.7
discovered,Star Hill,Kent High Weald,B,63.6,1.2
discovered,Thirsk Bank,North York Moors & Wolds,B,63.6,1.1
discovered,Tonbridge Road,High Weald / East Sussex,B,63.6,1.5
discovered,Unnamed road E of West Flemington,Berwickshire Coast,B,63.6,1.8
discovered,Unnamed road N of Skelton,Lake District,B,63.6,1.4
discovered,Unnamed road NE of Gatehouse (1),Northumberland & Cheviots,B,63.6,3.7
discovered,Unnamed road NW of St Ann's Chapel,Dartmoor,B,63.6,1.1
discovered,Unnamed road NW of Y Bala,Snowdonia,B,63.6,2.0
discovered,Unnamed road SE of Dawn (2),Denbigh Moors / North Wales,B,63.6,2.8
discovered,Waddesdon Hill,Chilterns,B,63.6,3.2
discovered,A166,North York Moors & Wolds,B,63.5,15.3
discovered,A4130,Chilterns,B,63.5,7.7
discovered,A682,Yorkshire Dales & Moors,B,63.5,19.9
founding,B1257 Stokesley to Helmsley,North Eng,B,63.5,31.2
discovered,B3257,Cornwall,B,63.5,12.8
discovered,B3277,Cornwall,B,63.5,1.5
discovered,B4218,Malverns & Herefordshire,B,63.5,1.7
founding,B4598 Usk to Abergavenny,Wales,B,63.5,15.7
discovered,B6170,Peak District,B,63.5,2.1
discovered,B7016,Southern Uplands & Borders,B,63.5,25.9
discovered,B7024,Southern Uplands & Borders,B,63.5,9.8
discovered,B8056,Scottish Highlands,B,63.5,14.5
discovered,B9169,Scottish Highlands,B,63.5,3.7
discovered,Flow Edge,Yorkshire Dales & Moors,B,63.5,1.9
discovered,Halliloo Valley Road,Surrey Hills & North Downs,B,63.5,1.9
discovered,Hamer Bank,North York Moors & Wolds,B,63.5,2.6
discovered,Portfield Road,Dorset & New Forest,B,63.5,2.8
discovered,Sturdy House Lane,Yorkshire Dales & Moors,B,63.5,3.7
discovered,Tower Road,High Weald / East Sussex,B,63.5,1.6
discovered,Unnamed road NW of Long Compton,Cotswolds,B,63.5,1.9
discovered,Unnamed road SE of Maulds Meaburn,Yorkshire Dales & Moors,B,63.5,2.2
discovered,Unnamed road SW of Juniper,North Pennines,B,63.5,2.1
discovered,Unnamed road SW of Knockgerran,Southern Uplands & Borders,B,63.5,4.8
discovered,A1107,Berwickshire Coast,B,63.4,1.4
discovered,A281,South Downs,B,63.4,8.6
discovered,A343,North Wessex Downs,B,63.4,9.3
discovered,A4135,Cotswolds,B,63.4,10.8
discovered,A815,Argyll & the Trossachs,B,63.4,43.7
discovered,A82,Argyll & the Trossachs,B,63.4,5.3
discovered,A957,Cairngorms & Deeside,B,63.4,15.8
discovered,B4370,Shropshire Hills & Marches,B,63.4,4.5
discovered,B481,Chilterns,B,63.4,8.8
discovered,B715,Southern Uplands & Borders,B,63.4,5.9
discovered,Brokes Lane,Yorkshire Dales & Moors,B,63.4,1.8
discovered,C6n,Southern Uplands & Borders,B,63.4,12.6
discovered,Cefn Eurgain Lane,Denbigh Moors / North Wales,B,63.4,1.8
discovered,Crane Row Lane,North Pennines,B,63.4,4.4
discovered,Green Lane,North Pennines,B,63.4,3.1
discovered,Langstone Lane (South),Wye Valley & Forest of Dean,B,63.4,4.8
discovered,Lock Lane,Exmoor,B,63.4,3.7
discovered,Middlehope Bank,North Pennines,B,63.4,2.6
discovered,Niton Road,Isle of Wight,B,63.4,5.6
discovered,Old Clitheroe Road,Yorkshire Dales & Moors,B,63.4,3.4
discovered,Priory Road,High Weald / East Sussex,B,63.4,3.7
discovered,Rudyard Road,Peak District,B,63.4,2.7
discovered,Stockshott Lane,Yorkshire Dales & Moors,B,63.4,2.8
discovered,Thorpe Lane,Peak District,B,63.4,1.5
discovered,Unnamed road E of Whiddon Down (2),Dartmoor,B,63.4,2.8
discovered,Unnamed road N of Harewood,Dartmoor,B,63.4,3.4
discovered,Unnamed road NW of Raehills,Southern Uplands & Borders,B,63.4,2.3
discovered,Unnamed road SE of Tarbrax,Southern Uplands & Borders,B,63.4,1.5
discovered,Waterloo Hill,Exmoor,B,63.4,1.6
discovered,West Hoathly Road,High Weald / East Sussex,B,63.4,3.0
discovered,Wheeldale Road,North York Moors & Wolds,B,63.4,2.5
discovered,A38,Exmoor,B,63.3,10.2
discovered,A6112,Northumberland & Cheviots,B,63.3,19.4
discovered,B5305,Lake District,B,63.3,15.8
discovered,Bridge of Lethnot,Cairngorms & Deeside,B,63.3,4.6
discovered,Clough Road,Peak District,B,63.3,1.5
discovered,Conholt Hill,North Wessex Downs,B,63.3,2.7
discovered,Glen Affric Road,Scottish Highlands,B,63.3,14.8
founding,Glendun Road,N. Ireland,B,63.3,11.1
discovered,Harts Hill Road,North Wessex Downs,B,63.3,1.5
discovered,Loch Muick Road,Cairngorms & Deeside,B,63.3,12.4
discovered,London Road,South Downs,B,63.3,3.0
discovered,Milton Road,Dorset & New Forest,B,63.3,3.9
discovered,Pasture Lane,Lake District,B,63.3,3.7
discovered,Priest Gill Bank,Yorkshire Dales & Moors,B,63.3,1.4
discovered,Pry Hills Lane,North York Moors & Wolds,B,63.3,3.6
discovered,Shutford Road,Cotswolds,B,63.3,3.5
discovered,Station Road,Norfolk & Suffolk,B,63.3,5.0
discovered,The Moss,Peak District,B,63.3,1.6
discovered,Toy's Hill,High Weald / East Sussex,B,63.3,1.6
discovered,Unnamed road N of West Stonesdale,Yorkshire Dales & Moors,B,63.3,2.6
discovered,Unnamed road NE of Stanley Crook,North Pennines,B,63.3,1.1
discovered,Unnamed road SW of Trofarth (2),Denbigh Moors / North Wales,B,63.3,1.9
discovered,Unnamed road W of Brompton Regis,Exmoor,B,63.3,10.1
discovered,Wilson Avenue,South Downs,B,63.3,2.0
discovered,A21,Kent High Weald,B,63.2,13.5
discovered,A4047,Brecon Beacons,B,63.2,1.9
discovered,A623,Peak District,B,63.2,16.0
discovered,A984,Scottish Highlands,B,63.2,6.0
discovered,B1341,Northumberland & Cheviots,B,63.2,7.1
discovered,B2066,South Downs,B,63.2,1.4
discovered,B3092,Dorset & New Forest,B,63.2,14.7
discovered,B3134,Mendips,B,63.2,4.8
discovered,B3139,Mendips,B,63.2,11.9
discovered,B4569,Mid-Wales / Powys,B,63.2,13.1
discovered,B789,Argyll & the Trossachs,B,63.2,9.7
discovered,B8004,Scottish Highlands,B,63.2,13.5
discovered,B9024,Cairngorms & Deeside,B,63.2,12.4
discovered,Clapgate Bank,Yorkshire Dales & Moors,B,63.2,1.7
discovered,Hunton Hill,Kent High Weald,B,63.2,1.5
discovered,Lethnot Road,Cairngorms & Deeside,B,63.2,0.4
discovered,Lythe Fell Road,Yorkshire Dales & Moors,B,63.2,5.9
discovered,New Road,Forest of Bowland,B,63.2,3.7
discovered,Oxford Road,North Wessex Downs,B,63.2,7.9
discovered,Smithy Lane,Lake District,B,63.2,2.6
discovered,Titnore Lane,South Downs,B,63.2,2.2
discovered,Unnamed road E of Cwmsymlog,Mid-Wales / Powys,B,63.2,1.7
discovered,Unnamed road S of Grindlow,Peak District,B,63.2,1.5
discovered,Unnamed road SE of Dalton,Forest of Bowland,B,63.2,1.6
discovered,Unnamed road W of Carnmenellis,Cornwall,B,63.2,2.7
discovered,Unnamed road W of Chiddingstone Hoath,High Weald / East Sussex,B,63.2,2.5
discovered,Waingap Lane,Yorkshire Dales & Moors,B,63.2,1.9
discovered,White Hill,Kent High Weald,B,63.2,3.2
discovered,Whitehall,North Pennines,B,63.2,1.9
discovered,Windball Hill,Exmoor,B,63.2,1.8
discovered,A140,Norfolk & Suffolk,B,63.1,10.6
discovered,A259,South Downs,B,63.1,3.4
discovered,A4048,Brecon Beacons,B,63.1,2.5
discovered,A424,Cotswolds,B,63.1,22.1
discovered,A835,Scottish Highlands,B,63.1,45.4
discovered,A849,Argyll & the Trossachs,B,63.1,41.6
discovered,B2123,South Downs,B,63.1,5.5
discovered,B3359,Cornwall,B,63.1,12.0
discovered,B474,Chilterns,B,63.1,3.5
discovered,B5320,Lake District,B,63.1,3.4
discovered,B6105,Peak District,B,63.1,7.5
discovered,B6161,Yorkshire Dales & Moors,B,63.1,12.1
discovered,B6254,Forest of Bowland,B,63.1,11.1
discovered,B7000,Southern Uplands & Borders,B,63.1,9.6
founding,B862/B852 South Loch Ness,Scotland,B,63.1,63.5
discovered,C76a,Southern Uplands & Borders,B,63.1,11.7
discovered,Fleets Lane,Yorkshire Dales & Moors,B,63.1,2.5
discovered,Long Bank,Yorkshire Dales & Moors,B,63.1,1.9
discovered,New Lane,Lincolnshire Wolds,B,63.1,3.1
discovered,Range Road,Yorkshire Dales & Moors,B,63.1,5.3
discovered,Threepwood Bridge,Southern Uplands & Borders,B,63.1,6.0
discovered,Unnamed road SE of Goathland (2),North York Moors & Wolds,B,63.1,2.3
discovered,Unnamed road SE of Trewarmett,Cornwall,B,63.1,1.3
discovered,Unnamed road SW of Lower Bowdley,Dartmoor,B,63.1,1.4
discovered,Unnamed road SW of North Brentor (2),Dartmoor,B,63.1,1.8
discovered,White Hill,Surrey Hills & North Downs,B,63.1,1.5
discovered,Wigan's Lane,Chilterns,B,63.1,2.3
discovered,A404,Chilterns,B,63.0,6.7
discovered,A458,Mid-Wales / Powys,B,63.0,4.1
discovered,B1252,North York Moors & Wolds,B,63.0,6.5
discovered,B3371,Mendips,B,63.0,3.6
discovered,B744,Southern Uplands & Borders,B,63.0,21.7
discovered,B775,Argyll & the Trossachs,B,63.0,4.6
discovered,B841,Argyll & the Trossachs,B,63.0,6.7
discovered,B844,Argyll & the Trossachs,B,63.0,14.7
discovered,Black Moss Road,Yorkshire Dales & Moors,B,63.0,2.5
discovered,Brigsteer Road,Lake District,B,63.0,3.2
discovered,Chilla Road,Dartmoor,B,63.0,4.2
discovered,Clattering Causeway,North Pennines,B,63.0,8.0
discovered,Commondale Moor Road,North York Moors & Wolds,B,63.0,2.2
discovered,Dale Head Lane,Peak District,B,63.0,0.9
discovered,Glasshouse Hill,Wye Valley & Forest of Dean,B,63.0,2.7
discovered,Greensplat Road,Cornwall,B,63.0,7.1
discovered,Hampden Road,Chilterns,B,63.0,5.5
discovered,Hangingstone Lane,North Pennines,B,63.0,1.4
discovered,Holne Bridge,Dartmoor,B,63.0,2.6
discovered,Mill Brook Bridge,Yorkshire Dales & Moors,B,63.0,4.3
discovered,Oughtershaw Road,Yorkshire Dales & Moors,B,63.0,5.4
discovered,Raddon Hill,Dartmoor,B,63.0,1.8
discovered,School Lane,High Weald / East Sussex,B,63.0,3.0
discovered,Slaymaker Lane,Yorkshire Dales & Moors,B,63.0,1.2
discovered,Stape Road,North York Moors & Wolds,B,63.0,2.9
discovered,Tetford Road,Lincolnshire Wolds,B,63.0,2.8
discovered,Unnamed road E of Stoke St Milborough,Shropshire Hills & Marches,B,63.0,1.4
discovered,Unnamed road NW of Great Bavington (2),North Pennines,B,63.0,8.4
discovered,Unnamed road NW of Whittington,Forest of Bowland,B,63.0,2.4
discovered,Unnamed road SW of Felindre (1),Mid-Wales / Powys,B,63.0,8.2
discovered,Unnamed road W of Cheldon (1),Exmoor,B,63.0,2.5
discovered,A153,Lincolnshire Wolds,B,62.9,9.4
discovered,A171,North York Moors & Wolds,B,62.9,45.6
discovered,A283,South Downs,B,62.9,21.9
discovered,A381,Dartmoor,B,62.9,15.9
discovered,A83,Argyll & the Trossachs,B,62.9,37.4
discovered,Ashmore Lane,Dorset & New Forest,B,62.9,1.3
discovered,B1190,Lincolnshire Wolds,B,62.9,10.7
discovered,B5289,Lake District,B,62.9,9.9
discovered,B719,Southern Uplands & Borders,B,62.9,4.8
discovered,B851,Scottish Highlands,B,62.9,21.5
discovered,Cwm-garthen Bridge,Mid-Wales / Powys,B,62.9,5.1
discovered,Hawksworth Road,Yorkshire Dales & Moors,B,62.9,1.0
discovered,High Minnis,Kent High Weald,B,62.9,2.0
discovered,Horns Lane,Forest of Bowland,B,62.9,3.1
discovered,Knowle Hill,North Wessex Downs,B,62.9,1.2
founding,N56 Donegal Coast,Ireland (RoI),B,62.9,161.0
discovered,Norwood Lane,Yorkshire Dales & Moors,B,62.9,2.8
discovered,Plaxdale Green Road,Kent High Weald,B,62.9,2.3
discovered,Tunball Lane,North Wessex Downs,B,62.9,1.9
discovered,Unnamed road E of Aberllefenni,Mid-Wales / Powys,B,62.9,7.0
discovered,Unnamed road E of Redesmouth,North Pennines,B,62.9,3.8
discovered,Unnamed road S of Kirkton of Glenisla,Cairngorms & Deeside,B,62.9,7.9
discovered,Unnamed road S of Rookhope,North Pennines,B,62.9,1.6
discovered,A621,Peak District,B,62.8,3.6
discovered,B1210,Lincolnshire Wolds,B,62.8,7.3
discovered,B1377,Berwickshire Coast,B,62.8,6.6
discovered,B2067,Kent High Weald,B,62.8,27.3
discovered,B3279,Cornwall,B,62.8,7.9
discovered,B4214,Shropshire Hills & Marches,B,62.8,7.2
discovered,B6012,Peak District,B,62.8,4.2
discovered,B7086,Southern Uplands & Borders,B,62.8,16.2
discovered,B723,Southern Uplands & Borders,B,62.8,35.5
discovered,B730,Southern Uplands & Borders,B,62.8,22.1
discovered,Bell Lane,High Weald / East Sussex,B,62.8,1.7
discovered,Grove Road,Kent High Weald,B,62.8,1.2
discovered,Hawks Well Lane,Yorkshire Dales & Moors,B,62.8,3.9
discovered,Hillings Lane,Yorkshire Dales & Moors,B,62.8,1.3
discovered,Holme Farm Lane,North York Moors & Wolds,B,62.8,2.5
discovered,Longedge Lane,North Pennines,B,62.8,5.4
discovered,Millmoor Head,Peak District,B,62.8,5.5
discovered,Nags Head Lane,Chilterns,B,62.8,1.9
discovered,Pike Road,Peak District,B,62.8,1.0
discovered,Snowdown Road,Kent High Weald,B,62.8,2.4
discovered,Springbottom Lane,Surrey Hills & North Downs,B,62.8,1.4
discovered,Sundridge Road,Kent High Weald,B,62.8,1.4
discovered,Unnamed road N of Brilley,Mid-Wales / Powys,B,62.8,1.3
discovered,Unnamed road NE of Trezaise,Cornwall,B,62.8,1.0
discovered,Unnamed road SW of Llywel (1),Brecon Beacons,B,62.8,4.5
discovered,Unnamed road W of Southcott,Dartmoor,B,62.8,2.0
discovered,Wilderness Lane,South Downs,B,62.8,0.6
discovered,A27,Dorset & New Forest,B,62.7,1.6
discovered,A32,South Downs,B,62.7,11.3
discovered,A361,Cotswolds,B,62.7,14.1
discovered,A488,Mid-Wales / Powys,B,62.7,21.8
discovered,Abbeystead Road,Forest of Bowland,B,62.7,4.3
discovered,Achnamara Road,Argyll & the Trossachs,B,62.7,5.4
discovered,Anyon Lane,Forest of Bowland,B,62.7,2.2
discovered,B2117,South Downs,B,62.7,3.8
founding,B3134 Burrington Coombe,South West,B,62.7,6.1
discovered,B3253,Cornwall,B,62.7,3.3
discovered,B4372,Mid-Wales / Powys,B,62.7,7.3
discovered,B4382,Mid-Wales / Powys,B,62.7,14.0
discovered,B4392,Mid-Wales / Powys,B,62.7,16.9
discovered,B4493,North Wessex Downs,B,62.7,1.8
discovered,B5430,Denbigh Moors / North Wales,B,62.7,12.4
discovered,B6436,Northumberland & Cheviots,B,62.7,7.0
discovered,B670,Leicestershire & Rutland,B,62.7,4.7
discovered,B829,Argyll & the Trossachs,B,62.7,17.4
discovered,Bowscar Road,Lake District,B,62.7,2.9
discovered,Briddlesford Road,Isle of Wight,B,62.7,3.2
discovered,C1M,Cairngorms & Deeside,B,62.7,6.7
founding,Cam Gill Road Kettlewell,North Eng,B,62.7,12.1
discovered,Colemans Hatch Road,High Weald / East Sussex,B,62.7,3.9
discovered,Crook Road,Kent High Weald,B,62.7,2.4
discovered,Grant's Hill,Exmoor,B,62.7,1.3
discovered,Moorhouse Road,Surrey Hills & North Downs,B,62.7,2.0
discovered,Radfall Road,Kent High Weald,B,62.7,2.3
discovered,Sella Brow,Lake District,B,62.7,3.2
discovered,Silverdale Road,Yorkshire Dales & Moors,B,62.7,10.2
discovered,Sleetbeck Road,Southern Uplands & Borders,B,62.7,0.7
discovered,Stockings Lane,North York Moors & Wolds,B,62.7,2.0
discovered,Tows Bank,North Pennines,B,62.7,2.1
discovered,Unnamed road E of Broad Campden,Cotswolds,B,62.7,2.6
discovered,Unnamed road E of Raemoir (2),Cairngorms & Deeside,B,62.7,1.7
discovered,Unnamed road S of Crawfordjohn,Southern Uplands & Borders,B,62.7,4.9
discovered,Unnamed road S of Pewsey,North Wessex Downs,B,62.7,1.1
discovered,Unnamed road SW of Millhouse,Lake District,B,62.7,1.0
discovered,Unnamed road W of Thornley Gate (1),North Pennines,B,62.7,2.5
discovered,A6006,Leicestershire & Rutland,B,62.6,6.7
discovered,B3372,Dartmoor,B,62.6,3.4
discovered,B4486,Brecon Beacons,B,62.6,2.0
discovered,B6462,Peak District,B,62.6,1.6
discovered,B846,Scottish Highlands,B,62.6,27.9
discovered,Belchalwell Street,Dorset & New Forest,B,62.6,2.5
discovered,Blackdown Hill,Exmoor,B,62.6,6.2
discovered,Chapel Bank,North Pennines,B,62.6,4.7
discovered,Edge Road,Peak District,B,62.6,1.8
discovered,Ermin Way,Cotswolds,B,62.6,2.8
discovered,Ewanrigg Brow,Lake District,B,62.6,2.2
discovered,Front Horse Hill Lane,Dorset & New Forest,B,62.6,1.2
discovered,Gatton Bottom,Surrey Hills & North Downs,B,62.6,2.7
discovered,Gill-Lands Lane,North Pennines,B,62.6,0.4
discovered,Horncastle Road,Lincolnshire Wolds,B,62.6,4.9
discovered,Knott Road,North York Moors & Wolds,B,62.6,4.1
discovered,Mill Hill,Cornwall,B,62.6,1.2
discovered,New Road,Chilterns,B,62.6,4.4
discovered,Old Pound,Cornwall,B,62.6,3.0
discovered,Pendell Road,Surrey Hills & North Downs,B,62.6,1.2
discovered,Portway,Cotswolds,B,62.6,2.0
discovered,Scosthrop Lane,Yorkshire Dales & Moors,B,62.6,4.6
discovered,Shaves Wood Lane,South Downs,B,62.6,1.6
discovered,Tavistock Road,Dartmoor,B,62.6,1.0
discovered,Timble Ridge Road,Yorkshire Dales & Moors,B,62.6,1.6
discovered,Unnamed road E of Thrushelton (1),Dartmoor,B,62.6,1.1
discovered,Unnamed road N of Hury,North Pennines,B,62.6,3.2
discovered,Unnamed road NE of Bellaty,Cairngorms & Deeside,B,62.6,5.3
discovered,Unnamed road NW of Little Chart,Kent High Weald,B,62.6,1.3
discovered,Unnamed road S of Kerrowmore,Scottish Highlands,B,62.6,9.6
discovered,Unnamed road W of Llanfihangel Helygen,Mid-Wales / Powys,B,62.6,2.3
discovered,Windmill Lane,North Wessex Downs,B,62.6,2.3
discovered,A274,Kent High Weald,B,62.5,4.5
discovered,A490,Mid-Wales / Powys,B,62.5,27.4
discovered,A494,Denbigh Moors / North Wales,B,62.5,3.3
discovered,A863,Isle of Skye,B,62.5,33.8
discovered,B1116,Norfolk & Suffolk,B,62.5,13.9
discovered,B4555,Shropshire Hills & Marches,B,62.5,10.1
discovered,B5121,Denbigh Moors / North Wales,B,62.5,9.2
discovered,B6372,Southern Uplands & Borders,B,62.5,4.7
discovered,B847,Scottish Highlands,B,62.5,17.7
discovered,B886,Isle of Skye,B,62.5,6.9
discovered,Bradenham Wood Lane,Chilterns,B,62.5,1.4
discovered,Culver Hill,Cotswolds,B,62.5,2.2
discovered,Greenhow Hill Road,Yorkshire Dales & Moors,B,62.5,3.0
discovered,Hartcliff Road,Peak District,B,62.5,3.6
discovered,Homestall Road,High Weald / East Sussex,B,62.5,1.1
discovered,Hook Norton Road,Cotswolds,B,62.5,2.4
discovered,Howhill,North Pennines,B,62.5,2.0
discovered,Old Exeter Road,Dartmoor,B,62.5,4.1
discovered,Unnamed road N of Portgate,Dartmoor,B,62.5,4.8
discovered,Unnamed road NE of Pentre-llyn-cymmer (1),Denbigh Moors / North Wales,B,62.5,3.3
discovered,Unnamed road S of Blackmoor Gate,Exmoor,B,62.5,1.0
discovered,Unnamed road S of Dartmeet,Dartmoor,B,62.5,1.9
discovered,Unnamed road SE of Quither (1),Dartmoor,B,62.5,4.1
discovered,Unnamed road SW of Bowland Bridge,Lake District,B,62.5,3.0
discovered,A26,Kent High Weald,B,62.4,18.8
discovered,A357,Dorset & New Forest,B,62.4,21.2
discovered,A4010,Chilterns,B,62.4,3.1
discovered,A4361,North Wessex Downs,B,62.4,7.8
discovered,A6068,Yorkshire Dales & Moors,B,62.4,7.2
discovered,A814,Argyll & the Trossachs,B,62.4,14.1
discovered,B6352,Northumberland & Cheviots,B,62.4,24.8
discovered,B7035,Southern Uplands & Borders,B,62.4,6.6
discovered,B9160,Scottish Highlands,B,62.4,6.8
discovered,Bex Lane,South Downs,B,62.4,1.1
discovered,Biddulph Road,Peak District,B,62.4,2.6
discovered,Bluestone Heath Road,Lincolnshire Wolds,B,62.4,22.1
discovered,Bushes Road,Dorset & New Forest,B,62.4,1.5
discovered,Butterrow Hill,Cotswolds,B,62.4,2.1
discovered,C83a,Southern Uplands & Borders,B,62.4,8.7
discovered,College Road,South Downs,B,62.4,1.4
discovered,East Chevin Road,Yorkshire Dales & Moors,B,62.4,1.3
discovered,Emsworth Common Road,South Downs,B,62.4,4.1
discovered,Folly Lane,Wye Valley & Forest of Dean,B,62.4,0.9
discovered,Glen Truim Road,Scottish Highlands,B,62.4,3.7
discovered,Holt Road,Norfolk & Suffolk,B,62.4,6.8
discovered,Hyning Road,Forest of Bowland,B,62.4,1.0
discovered,Millheugh Road,Southern Uplands & Borders,B,62.4,4.1
discovered,Newall Carr Road,Yorkshire Dales & Moors,B,62.4,2.6
discovered,Pontop Pike Lane,North Pennines,B,62.4,1.4
discovered,St Bartholomew's Street,Dorset & New Forest,B,62.4,2.3
discovered,Unnamed road N of Pisgah (1),Mid-Wales / Powys,B,62.4,3.2
discovered,Unnamed road NE of Quilichan (2),Scottish Highlands,B,62.4,4.3
discovered,Unnamed road NW of Millhouse,Lake District,B,62.4,1.5
discovered,Woodmansterne Lane,Surrey Hills & North Downs,B,62.4,1.5
discovered,Yattendon Lane,North Wessex Downs,B,62.4,4.0
discovered,A284,South Downs,B,62.3,4.0
discovered,A3054,Isle of Wight,B,62.3,6.3
discovered,A338,North Wessex Downs,B,62.3,38.4
discovered,A389,Cornwall,B,62.3,10.8
discovered,A4113,Shropshire Hills & Marches,B,62.3,22.3
discovered,A711,Southern Uplands & Borders,B,62.3,29.3
discovered,A891,Argyll & the Trossachs,B,62.3,4.5
discovered,B4424,Malverns & Herefordshire,B,62.3,7.3
discovered,B5429,Denbigh Moors / North Wales,B,62.3,38.3
discovered,B6051,Peak District,B,62.3,1.7
discovered,B7034,Southern Uplands & Borders,B,62.3,5.9
discovered,B722,Southern Uplands & Borders,B,62.3,14.9
discovered,B749,Southern Uplands & Borders,B,62.3,4.9
discovered,B821,Argyll & the Trossachs,B,62.3,3.4
discovered,B864,Scottish Highlands,B,62.3,11.7
discovered,B9014,Cairngorms & Deeside,B,62.3,11.7
discovered,B972,Cairngorms & Deeside,B,62.3,3.0
discovered,Blackdown Hill Road,Exmoor,B,62.3,3.4
discovered,Byway Open to All Traffic,Denbigh Moors / North Wales,B,62.3,2.6
discovered,Crowborough Road,High Weald / East Sussex,B,62.3,3.1
discovered,Draffan Road,Southern Uplands & Borders,B,62.3,3.6
discovered,Exedown Road,Kent High Weald,B,62.3,1.5
discovered,Harvel Road,Kent High Weald,B,62.3,2.7
discovered,Heol Lan,Brecon Beacons,B,62.3,11.0
discovered,Langton Road,Lincolnshire Wolds,B,62.3,0.6
discovered,Morley Gate,Yorkshire Dales & Moors,B,62.3,1.8
discovered,Old A9,Scottish Highlands,B,62.3,4.7
discovered,Old Church Lane,Yorkshire Dales & Moors,B,62.3,4.9
discovered,Racecourse Road,South Downs,B,62.3,2.5
discovered,Reservoir Road,Yorkshire Dales & Moors,B,62.3,2.1
discovered,Ringstead Road,Norfolk & Suffolk,B,62.3,2.1
discovered,Rolls Hill,Isle of Wight,B,62.3,1.6
discovered,Shull Bank,North Pennines,B,62.3,4.4
discovered,St Marnarch's Road,Cornwall,B,62.3,6.3
discovered,Suie Road,Cairngorms & Deeside,B,62.3,13.2
discovered,The Street,South Downs,B,62.3,2.6
discovered,Unnamed road E of Justicetown,Southern Uplands & Borders,B,62.3,1.9
discovered,Unnamed road N of Juniper (1),North Pennines,B,62.3,2.9
discovered,Unnamed road N of Llanbadarn Fynydd,Mid-Wales / Powys,B,62.3,4.1
discovered,Unnamed road N of Stenton (2),Berwickshire Coast,B,62.3,3.5
discovered,Unnamed road NW of Lintzgarth,North Pennines,B,62.3,2.8
discovered,Unnamed road SE of Bellsbank,Southern Uplands & Borders,B,62.3,2.3
discovered,Unnamed road W of Llidiardau (1),Snowdonia,B,62.3,3.8
discovered,Unnamed road W of Lumphanan,Cairngorms & Deeside,B,62.3,6.3
founding,Zig Zag Hill B3081 Dorset,South East,B,62.3,14.1
discovered,A2220,High Weald / East Sussex,B,62.2,3.3
discovered,A260,Kent High Weald,B,62.2,9.3
discovered,A262,Kent High Weald,B,62.2,9.7
discovered,A44,Malverns & Herefordshire,B,62.2,30.0
discovered,A5074,Lake District,B,62.2,14.0
discovered,Alum House Lane,North York Moors & Wolds,B,62.2,1.2
discovered,Ashey Road,Isle of Wight,B,62.2,3.9
discovered,B1117,Norfolk & Suffolk,B,62.2,27.5
discovered,B1149,Norfolk & Suffolk,B,62.2,5.4
discovered,B1251,North York Moors & Wolds,B,62.2,7.9
discovered,B2032,Surrey Hills & North Downs,B,62.2,2.8
discovered,B2110,South Downs,B,62.2,5.3
discovered,B4367,Shropshire Hills & Marches,B,62.2,14.7
discovered,B6279,North Pennines,B,62.2,18.3
discovered,B8005,Scottish Highlands,B,62.2,9.6
discovered,Barugh Lane,North York Moors & Wolds,B,62.2,0.9
discovered,Battin's Knap,Exmoor,B,62.2,3.4
discovered,Bloddy Beck Hill,North York Moors & Wolds,B,62.2,3.1
discovered,Cats Hill,Wye Valley & Forest of Dean,B,62.2,2.6
discovered,Chegworth Road,Kent High Weald,B,62.2,3.4
discovered,Furzedown Road,Dorset & New Forest,B,62.2,4.7
discovered,Highbrook Lane,High Weald / East Sussex,B,62.2,2.0
discovered,Imberhorne Lane,High Weald / East Sussex,B,62.2,2.3
discovered,Inglewhite Road,Forest of Bowland,B,62.2,4.1
discovered,Main Road,Peak District,B,62.2,4.3
discovered,Mapleton Road,High Weald / East Sussex,B,62.2,3.8
discovered,Monkton Lane,Exmoor,B,62.2,2.3
discovered,Nightingale Lane,High Weald / East Sussex,B,62.2,2.8
discovered,Plawhatch Lane,High Weald / East Sussex,B,62.2,1.9
discovered,Potters Bank,North Pennines,B,62.2,13.7
discovered,Priesthaugh Road,Southern Uplands & Borders,B,62.2,8.5
discovered,Unnamed road E of Kirklands,Southern Uplands & Borders,B,62.2,1.0
discovered,Unnamed road NE of Carperby,Yorkshire Dales & Moors,B,62.2,1.5
discovered,Unnamed road S of Brilley,Mid-Wales / Powys,B,62.2,2.4
discovered,Unnamed road S of Edmondsham,Dorset & New Forest,B,62.2,1.5
discovered,Unnamed road SE of Preston under Scar,Yorkshire Dales & Moors,B,62.2,2.4
discovered,Unnamed road SW of Ascott,Cotswolds,B,62.2,1.7
discovered,Unnamed road SW of Chillaton (3),Dartmoor,B,62.2,1.7
discovered,Unnamed road W of Bainbridge,Yorkshire Dales & Moors,B,62.2,5.1
discovered,Unnamed road W of Ramshaw,North Pennines,B,62.2,2.2
discovered,Winsley Hill,North York Moors & Wolds,B,62.2,1.1
discovered,Woolbeding Lane,South Downs,B,62.2,1.7
discovered,A5012,Peak District,B,62.1,13.2
discovered,A6136,Yorkshire Dales & Moors,B,62.1,2.8
discovered,A71,Southern Uplands & Borders,B,62.1,13.4
discovered,A838,Scottish Highlands,B,62.1,45.3
discovered,A980,Cairngorms & Deeside,B,62.1,21.2
discovered,B1155,Norfolk & Suffolk,B,62.1,16.5
discovered,B1520,Lincolnshire Wolds,B,62.1,1.4
discovered,B7037,Southern Uplands & Borders,B,62.1,11.4
discovered,B8077,Argyll & the Trossachs,B,62.1,5.4
discovered,Barell's Hill,Norfolk & Suffolk,B,62.1,0.4
discovered,Bedding Edge Road,Peak District,B,62.1,1.1
discovered,Bockleton Road,Malverns & Herefordshire,B,62.1,9.9
discovered,Brownbank Lane,Yorkshire Dales & Moors,B,62.1,2.3
discovered,Caterfield Lane,High Weald / East Sussex,B,62.1,2.7
discovered,Chibbet Hill,Exmoor,B,62.1,2.2
discovered,Five Ashes Road,High Weald / East Sussex,B,62.1,1.9
discovered,Holman Clavel,Exmoor,B,62.1,1.7
discovered,Leafield Road,Cotswolds,B,62.1,4.1
discovered,Lintzgarth Bridge,North Pennines,B,62.1,1.8
discovered,Lye Green,High Weald / East Sussex,B,62.1,1.1
discovered,Old Rake,Lake District,B,62.1,2.5
discovered,Olkikes,Peak District,B,62.1,1.5
discovered,Red Peth,North Pennines,B,62.1,1.8
discovered,Stoney Lane,Forest of Bowland,B,62.1,6.2
discovered,Tram Hill,Chilterns,B,62.1,2.4
discovered,Unnamed road E of Balintore,Cairngorms & Deeside,B,62.1,3.3
discovered,Unnamed road E of Brokes,Yorkshire Dales & Moors,B,62.1,1.7
discovered,Unnamed road E of Cwm Ystwyth (3),Mid-Wales / Powys,B,62.1,2.1
discovered,Unnamed road E of Greenhaugh,Northumberland & Cheviots,B,62.1,4.2
discovered,Unnamed road NE of Preston under Scar,Yorkshire Dales & Moors,B,62.1,1.2
discovered,Unnamed road NE of White Damhead,Northumberland & Cheviots,B,62.1,1.2
discovered,Unnamed road NW of Blairno (1),Cairngorms & Deeside,B,62.1,1.2
discovered,Unnamed road NW of Gatehouse,Northumberland & Cheviots,B,62.1,2.5
discovered,Unnamed road NW of Llanfihangel Nant Brân (3),Brecon Beacons,B,62.1,1.5
discovered,Unnamed road S of Ravenseat,Yorkshire Dales & Moors,B,62.1,1.7
discovered,Unnamed road SE of Goathland (1),North York Moors & Wolds,B,62.1,1.2
discovered,Unnamed road SE of Lour,Cairngorms & Deeside,B,62.1,3.4
discovered,Whitwell Road,Isle of Wight,B,62.1,5.3
discovered,A760,Southern Uplands & Borders,B,62.0,17.3
discovered,B6412,North Pennines,B,62.0,15.5
discovered,B885,Isle of Skye,B,62.0,14.8
discovered,B9163,Scottish Highlands,B,62.0,25.1
discovered,Balham's Lane,Chilterns,B,62.0,3.9
discovered,Bonnington Road,Cairngorms & Deeside,B,62.0,5.7
discovered,Calum's Road,Isle of Skye,B,62.0,2.7
discovered,Chelwood Gate Road,High Weald / East Sussex,B,62.0,2.6
discovered,Clint Bank,Yorkshire Dales & Moors,B,62.0,2.3
discovered,Cropton Lane,North York Moors & Wolds,B,62.0,3.2
discovered,Fair Mile,North Wessex Downs,B,62.0,5.7
discovered,Grains Lane,Yorkshire Dales & Moors,B,62.0,2.7
discovered,Hags Gill Bridge,Yorkshire Dales & Moors,B,62.0,2.0
discovered,Hawsker Lane,North York Moors & Wolds,B,62.0,3.6
discovered,Highfield Lane,Mendips,B,62.0,1.3
discovered,Ormsby Ring,Lincolnshire Wolds,B,62.0,1.4
discovered,Painsthorpe Lane,North York Moors & Wolds,B,62.0,0.8
discovered,Peaton Road,Argyll & the Trossachs,B,62.0,3.0
discovered,Unnamed road E of Semley,Dorset & New Forest,B,62.0,2.2
discovered,Unnamed road N of Audleby,Lincolnshire Wolds,B,62.0,4.0
discovered,Unnamed road N of Molland,Exmoor,B,62.0,1.2
discovered,Unnamed road NE of Cwmsymlog (1),Mid-Wales / Powys,B,62.0,2.2
discovered,Unnamed road NW of Whaw (1),Yorkshire Dales & Moors,B,62.0,1.2
discovered,Unnamed road SW of Orton,Yorkshire Dales & Moors,B,62.0,1.8
discovered,Unnamed road W of Brochel,Isle of Skye,B,62.0,9.0
discovered,Unnamed road W of Taw Green,Dartmoor,B,62.0,1.3
discovered,Ward Way,North Pennines,B,62.0,0.9
discovered,A3020,Isle of Wight,B,61.9,5.1
discovered,A4,North Wessex Downs,B,61.9,32.2
discovered,A4109,Brecon Beacons,B,61.9,8.1
discovered,A416,Chilterns,B,61.9,4.4
discovered,A77,Southern Uplands & Borders,B,61.9,9.7
discovered,A809,Argyll & the Trossachs,B,61.9,12.8
discovered,A940,Scottish Highlands,B,61.9,10.7
discovered,B2031,Surrey Hills & North Downs,B,61.9,2.0
discovered,B2118,South Downs,B,61.9,3.3
discovered,B3074,Dorset & New Forest,B,61.9,1.2
discovered,B3309,Cornwall,B,61.9,3.0
discovered,B3362,Dartmoor,B,61.9,6.3
discovered,B4011,Chilterns,B,61.9,4.7
discovered,B5427,Denbigh Moors / North Wales,B,61.9,5.8
discovered,B711,Southern Uplands & Borders,B,61.9,22.6
discovered,B8079,Scottish Highlands,B,61.9,5.9
discovered,Chapel Road,Chilterns,B,61.9,1.3
discovered,Chescombe Lane,Dorset & New Forest,B,61.9,1.8
discovered,Cholesbury Road,Chilterns,B,61.9,2.0
discovered,Crosslet Lane,North Pennines,B,61.9,3.7
discovered,Kirkby Lonsdale Road,Forest of Bowland,B,61.9,3.0
discovered,Leckhampton Hill,Cotswolds,B,61.9,1.0
discovered,Nannycatch Road,Lake District,B,61.9,3.6
discovered,Newick Lane,High Weald / East Sussex,B,61.9,2.4
discovered,Splitty Lane,North Pennines,B,61.9,2.8
discovered,Syreford Road,Cotswolds,B,61.9,0.3
discovered,Trenerth Road,Cornwall,B,61.9,1.7
discovered,Treroosel Road,Cornwall,B,61.9,6.3
discovered,Tunbridge Wells Road,High Weald / East Sussex,B,61.9,1.1
discovered,Underbank Lane,Peak District,B,61.9,1.3
discovered,Unnamed road E of Bagpiper's Tump,Wye Valley & Forest of Dean,B,61.9,1.9
discovered,Unnamed road N of Bye Cross,Exmoor,B,61.9,1.7
discovered,Unnamed road N of Woodend,Lake District,B,61.9,5.1
discovered,Unnamed road NW of Cartington,Northumberland & Cheviots,B,61.9,3.0
discovered,Unnamed road SW of Cuxwold,Lincolnshire Wolds,B,61.9,2.4
discovered,Unnamed road SW of Low Dalby,North York Moors & Wolds,B,61.9,3.3
discovered,Unnamed road W of Bollihope,North Pennines,B,61.9,2.0
discovered,Unnamed road W of Newhall Green,Cornwall,B,61.9,1.1
discovered,Unnamed road W of Tirabad (1),Brecon Beacons,B,61.9,2.4
discovered,Wellington Road,Shropshire Hills & Marches,B,61.9,4.2
discovered,A268,Kent High Weald,B,61.8,12.2
discovered,A3030,Dorset & New Forest,B,61.8,8.4
discovered,A386,Exmoor,B,61.8,9.9
discovered,A488,Shropshire Hills & Marches,B,61.8,12.7
discovered,A6,North Pennines,B,61.8,8.5
discovered,A832,Scottish Highlands,B,61.8,44.7
discovered,A894,Scottish Highlands,B,61.8,6.8
discovered,B1339,Northumberland & Cheviots,B,61.8,12.1
founding,B1340 Northumberland Coast Road,North Eng,B,61.8,28.8
discovered,B4197,Malverns & Herefordshire,B,61.8,11.0
discovered,B4224,Wye Valley & Forest of Dean,B,61.8,23.3
discovered,B440,Chilterns,B,61.8,2.2
discovered,B6524,North Pennines,B,61.8,13.1
discovered,B746,Southern Uplands & Borders,B,61.8,1.4
discovered,Bay Horse Road,Forest of Bowland,B,61.8,5.7
discovered,Belchford Road,Lincolnshire Wolds,B,61.8,1.8
discovered,Blowers Hill,High Weald / East Sussex,B,61.8,1.1
discovered,Catriage Hill,Exmoor,B,61.8,1.5
discovered,Ditchling Road,South Downs,B,61.8,5.9
discovered,Dole Bank,Yorkshire Dales & Moors,B,61.8,2.0
discovered,Elsted Road,South Downs,B,61.8,7.0
discovered,Ganton Hill,North York Moors & Wolds,B,61.8,4.7
discovered,Hollow Lane,High Weald / East Sussex,B,61.8,3.5
discovered,Kirkland Road,Lake District,B,61.8,1.4
discovered,Lands Bridge,North Pennines,B,61.8,1.4
discovered,Long Lane,Peak District,B,61.8,2.6
discovered,Rackenford Road,Exmoor,B,61.8,13.2
discovered,Side End Lane,Peak District,B,61.8,3.2
discovered,Unnamed road N of Derrington,Shropshire Hills & Marches,B,61.8,3.9
discovered,Unnamed road N of Melkridge,North Pennines,B,61.8,1.6
discovered,Unnamed road NE of Torlundy,Scottish Highlands,B,61.8,1.0
discovered,Unnamed road NW of Highgate,Mid-Wales / Powys,B,61.8,4.0
discovered,Vell Lane,Cornwall,B,61.8,0.3
discovered,Wath Road,Yorkshire Dales & Moors,B,61.8,9.4
discovered,A31,Dorset & New Forest,B,61.7,6.9
discovered,A377,Dartmoor,B,61.7,10.3
discovered,A4117,Shropshire Hills & Marches,B,61.7,10.2
discovered,A498,Snowdonia,B,61.7,6.2
discovered,A70,Southern Uplands & Borders,B,61.7,32.9
discovered,A939,Scottish Highlands,B,61.7,35.4
discovered,B1110,Norfolk & Suffolk,B,61.7,21.2
discovered,B2138,South Downs,B,61.7,3.8
discovered,B3232,Exmoor,B,61.7,13.8
discovered,B4342,Mid-Wales / Powys,B,61.7,4.7
discovered,B4352,Brecon Beacons,B,61.7,18.9
discovered,B5286,Lake District,B,61.7,5.7
discovered,B6286,North Pennines,B,61.7,3.0
discovered,B6345,Northumberland & Cheviots,B,61.7,6.8
discovered,B7055,Southern Uplands & Borders,B,61.7,10.4
discovered,B867,Scottish Highlands,B,61.7,6.4
discovered,B898,Scottish Highlands,B,61.7,14.1
discovered,Barkwith Road,Lincolnshire Wolds,B,61.7,1.7
discovered,Bowldown Road,Cotswolds,B,61.7,7.1
discovered,Burton Park Road,South Downs,B,61.7,2.0
discovered,C75S,Cairngorms & Deeside,B,61.7,5.2
discovered,Cheltenham Road,Cotswolds,B,61.7,1.3
discovered,Downs Road,Isle of Wight,B,61.7,4.0
discovered,Forbury Lane,North Wessex Downs,B,61.7,1.5
discovered,Glenstriven Road,Argyll & the Trossachs,B,61.7,0.5
discovered,Higher Lane,Peak District,B,61.7,3.1
discovered,Hollins Lane,Lake District,B,61.7,1.4
discovered,Ingleby Avenue,North York Moors & Wolds,B,61.7,2.3
discovered,Kerscott Hill,Exmoor,B,61.7,5.6
discovered,Langthwaite Road,Forest of Bowland,B,61.7,1.5
discovered,Moor Top,Yorkshire Dales & Moors,B,61.7,1.5
discovered,Park Lane,Surrey Hills & North Downs,B,61.7,1.0
discovered,Poke Holes Lane,Lincolnshire Wolds,B,61.7,2.5
discovered,Polecats,South Downs,B,61.7,1.1
discovered,Stumps Lane,Yorkshire Dales & Moors,B,61.7,1.5
discovered,The Avenue,North York Moors & Wolds,B,61.7,2.2
discovered,Unnamed road N of Fornighty (1),Scottish Highlands,B,61.7,3.9
discovered,Unnamed road NW of Bwlch-y-Sarnau (1),Mid-Wales / Powys,B,61.7,1.5
discovered,Unnamed road NW of Hesket Newmarket,Lake District,B,61.7,1.5
discovered,Unnamed road NW of Kirriemore,Southern Uplands & Borders,B,61.7,12.3
discovered,Unnamed road NW of Kitchen Hill,Lake District,B,61.7,3.9
discovered,Unnamed road S of Spring Bank (2),Lake District,B,61.7,1.4
discovered,Unnamed road S of Trevivian (2),Cornwall,B,61.7,1.1
discovered,Unnamed road SW of Crackpot,Yorkshire Dales & Moors,B,61.7,1.8
discovered,Waterhouse Hill,Dartmoor,B,61.7,3.5
discovered,A30,Cornwall,B,61.6,10.2
discovered,A394,Cornwall,B,61.6,6.5
founding,B1145 King's Lynn to North Walsham,Norfolk,B,61.6,78.4
discovered,B1427,North York Moors & Wolds,B,61.6,1.6
discovered,B1434,Lincolnshire Wolds,B,61.6,13.5
discovered,B3251,Cornwall,B,61.6,1.8
discovered,B5269,Forest of Bowland,B,61.6,14.6
discovered,B6165,Yorkshire Dales & Moors,B,61.6,16.0
discovered,B6308,North Pennines,B,61.6,2.6
discovered,B672,Leicestershire & Rutland,B,61.6,9.8
discovered,B9168,Scottish Highlands,B,61.6,3.2
discovered,Berrier Road,Lake District,B,61.6,0.7
discovered,Binbrook Lane,Lincolnshire Wolds,B,61.6,2.8
founding,Box Hill B2032,South East,B,61.6,2.9
discovered,Branthwaite Road,Lake District,B,61.6,1.3
discovered,Christmas Common Road,Chilterns,B,61.6,5.2
discovered,Coleford Road,Wye Valley & Forest of Dean,B,61.6,1.8
discovered,Edge Brow,North Pennines,B,61.6,3.6
discovered,Galphay Lane,Yorkshire Dales & Moors,B,61.6,6.3
discovered,High Lane,North York Moors & Wolds,B,61.6,3.3
discovered,Jobson's Lane,South Downs,B,61.6,4.4
discovered,Kirkby Lane,North York Moors & Wolds,B,61.6,1.8
discovered,Lampern Hill,Cotswolds,B,61.6,1.7
discovered,Lemmington Bank,Northumberland & Cheviots,B,61.6,6.1
discovered,New Road,Norfolk & Suffolk,B,61.6,1.8
discovered,Ragpath Lane,North Pennines,B,61.6,1.8
discovered,Red Hill,Kent High Weald,B,61.6,1.8
discovered,Scurgill Terrace,Lake District,B,61.6,2.6
discovered,Station Road,East Kent,B,61.6,2.1
discovered,Taston Road,Cotswolds,B,61.6,1.2
discovered,Unnamed road N of Pica,Lake District,B,61.6,1.3
discovered,Unnamed road NE of Boarstall,Chilterns,B,61.6,2.2
discovered,Unnamed road NE of Loxhore,Exmoor,B,61.6,3.4
discovered,Unnamed road NE of Pentre-llyn-cymmer (3),Denbigh Moors / North Wales,B,61.6,2.1
discovered,Unnamed road S of Catterlen,Lake District,B,61.6,1.3
discovered,Unnamed road SE of Peasemore,North Wessex Downs,B,61.6,1.3
discovered,Unnamed road SW of An Torr Mòr,Scottish Highlands,B,61.6,2.9
discovered,Unnamed road SW of Plumpton Foot (2),Lake District,B,61.6,3.4
discovered,Unnamed road SW of Ullock,Lake District,B,61.6,2.3
discovered,Unnamed road W of Troutbeck,Lake District,B,61.6,1.3
discovered,West Meon Road,South Downs,B,61.6,3.2
discovered,A831,Scottish Highlands,B,61.5,31.3
discovered,A834,Scottish Highlands,B,61.5,2.9
discovered,B1218,Lincolnshire Wolds,B,61.5,2.7
discovered,B2163,Kent High Weald,B,61.5,7.7
discovered,B2211,Kent High Weald,B,61.5,1.0
discovered,B3075,Dorset & New Forest,B,61.5,2.7
discovered,B3087,North Wessex Downs,B,61.5,6.6
discovered,B3252,Cornwall,B,61.5,4.2
discovered,B4508,North Wessex Downs,B,61.5,2.5
discovered,B6401,Northumberland & Cheviots,B,61.5,12.5
discovered,Beech Road,Dartmoor,B,61.5,2.2
discovered,C4s,Southern Uplands & Borders,B,61.5,2.0
discovered,Chapel Hill,Dorset & New Forest,B,61.5,0.7
discovered,Ellesborough Road,Chilterns,B,61.5,1.1
discovered,Engine Hill,Denbigh Moors / North Wales,B,61.5,1.4
discovered,Fawkham Road,Kent High Weald,B,61.5,2.4
discovered,Ffordd Dôl-wen,Denbigh Moors / North Wales,B,61.5,0.9
discovered,Goat Lane,Yorkshire Dales & Moors,B,61.5,1.8
discovered,Gothers Road,Cornwall,B,61.5,4.6
discovered,Halfpenny Lane,Lincolnshire Wolds,B,61.5,1.8
discovered,Hampton Hill,Cotswolds,B,61.5,1.9
discovered,Hardings Lane,Yorkshire Dales & Moors,B,61.5,1.3
discovered,Henside Lane,Yorkshire Dales & Moors,B,61.5,1.2
discovered,Hergest Bridge,Mid-Wales / Powys,B,61.5,5.4
discovered,Horn Lane,South Downs,B,61.5,1.9
discovered,Middleton Road,Leicestershire & Rutland,B,61.5,1.7
discovered,Miller's Lane,Dorset & New Forest,B,61.5,2.1
discovered,Newlands Lane,North York Moors & Wolds,B,61.5,4.0
discovered,Shaken Bridge,North York Moors & Wolds,B,61.5,1.9
discovered,Shilling Pot,Southern Uplands & Borders,B,61.5,1.5
discovered,Swinhope Road,Lincolnshire Wolds,B,61.5,2.2
discovered,Temple Lane,Yorkshire Dales & Moors,B,61.5,6.6
discovered,Trodds Lane,Surrey Hills & North Downs,B,61.5,2.1
discovered,Unnamed road E of Beelsby,Lincolnshire Wolds,B,61.5,2.2
discovered,Unnamed road E of Nether Wyresdale,Forest of Bowland,B,61.5,2.1
discovered,Unnamed road N of Westgate (2),North Pennines,B,61.5,2.2
discovered,Unnamed road NE of Back Rowarth,Peak District,B,61.5,1.1
discovered,Unnamed road NE of Bagshaw,Peak District,B,61.5,1.9
discovered,Unnamed road NE of Belstone (2),Dartmoor,B,61.5,2.0
discovered,Unnamed road NE of Slaley,North Pennines,B,61.5,3.6
discovered,Unnamed road NE of Southerfell,Lake District,B,61.5,1.2
discovered,Unnamed road S of Leckhampstead,North Wessex Downs,B,61.5,1.3
discovered,Unnamed road SE of Lanyon,Cornwall,B,61.5,2.5
discovered,Unnamed road SE of Southerfell,Lake District,B,61.5,1.2
discovered,Unnamed road SW of Langthwaite,Yorkshire Dales & Moors,B,61.5,1.3
discovered,Unnamed road SW of Trecastle,Brecon Beacons,B,61.5,1.8
discovered,Western Road,Cairngorms & Deeside,B,61.5,11.4
discovered,A413,Chilterns,B,61.4,7.5
discovered,B2011,East Kent,B,61.4,7.4
discovered,B4019,North Wessex Downs,B,61.4,8.8
discovered,B4221,Wye Valley & Forest of Dean,B,61.4,10.5
discovered,B6397,Southern Uplands & Borders,B,61.4,14.3
discovered,B878,Argyll & the Trossachs,B,61.4,3.3
discovered,Blind Lane,Cotswolds,B,61.4,0.3
discovered,Broad Walk,South Downs,B,61.4,1.6
discovered,Brockley Combe Road,Mendips,B,61.4,2.6
discovered,Clement Lane,Peak District,B,61.4,1.0
discovered,Green Lane,Yorkshire Dales & Moors,B,61.4,2.4
discovered,Hastingford Lane,High Weald / East Sussex,B,61.4,2.2
discovered,Moor Road,Southern Uplands & Borders,B,61.4,5.8
discovered,Mosedale Bridge,Lake District,B,61.4,4.2
discovered,Russ Hill,Surrey Hills & North Downs,B,61.4,1.3
discovered,Rywell Road,High Weald / East Sussex,B,61.4,1.7
discovered,Stark Bank Road,Yorkshire Dales & Moors,B,61.4,2.0
discovered,Stepin Turn,North York Moors & Wolds,B,61.4,5.0
discovered,Street Lane,Yorkshire Dales & Moors,B,61.4,3.8
discovered,Syke House Lane,Forest of Bowland,B,61.4,1.2
discovered,Tadmarton Road,Cotswolds,B,61.4,2.0
discovered,Unnamed road E of Inversnaid,Argyll & the Trossachs,B,61.4,1.1
discovered,Unnamed road E of Skilgate,Exmoor,B,61.4,1.1
discovered,Unnamed road N of Laneast,Cornwall,B,61.4,2.4
discovered,Unnamed road NW of Chulmleigh (1),Exmoor,B,61.4,2.3
discovered,Unnamed road NW of Eisteddfa Gurig (2),Mid-Wales / Powys,B,61.4,1.5
discovered,Unnamed road SE of Hallaze,Cornwall,B,61.4,1.1
discovered,Unnamed road SW of Sandley,Dorset & New Forest,B,61.4,2.3
discovered,Unnamed road SW of Trethurgy,Cornwall,B,61.4,1.1
discovered,Unnamed road W of Chillaton (3),Dartmoor,B,61.4,2.0
discovered,Unnamed road W of Over Whitton,Northumberland & Cheviots,B,61.4,2.7
discovered,Wick Road,Mendips,B,61.4,2.1
discovered,Windyside Hill,Northumberland & Cheviots,B,61.4,3.5
discovered,A390,Cornwall,B,61.3,28.8
discovered,A4185,North Wessex Downs,B,61.3,1.2
discovered,A596,Lake District,B,61.3,3.0
discovered,A713,Southern Uplands & Borders,B,61.3,44.6
discovered,A886,Argyll & the Trossachs,B,61.3,33.4
discovered,Ashampstead Road,North Wessex Downs,B,61.3,5.3
discovered,B1123,Norfolk & Suffolk,B,61.3,17.1
discovered,B5431,Denbigh Moors / North Wales,B,61.3,5.6
discovered,B6525,Northumberland & Cheviots,B,61.3,20.4
discovered,B751,Southern Uplands & Borders,B,61.3,13.3
discovered,B769,Southern Uplands & Borders,B,61.3,14.5
discovered,B776,Argyll & the Trossachs,B,61.3,1.7
discovered,B9009,Cairngorms & Deeside,B,61.3,16.7
discovered,B9153,Scottish Highlands,B,61.3,3.6
discovered,B9177,Scottish Highlands,B,61.3,1.2
discovered,Baydon Road,North Wessex Downs,B,61.3,3.4
discovered,Beacon Bank,North York Moors & Wolds,B,61.3,1.9
discovered,Birchover Road,Peak District,B,61.3,2.9
discovered,Carleton Lane,Yorkshire Dales & Moors,B,61.3,3.9
discovered,Chesterfield Road,Peak District,B,61.3,4.8
discovered,Coal Road,North York Moors & Wolds,B,61.3,1.2
discovered,Cowley Lane,Cotswolds,B,61.3,0.4
discovered,Crittenden Road,Kent High Weald,B,61.3,2.2
discovered,Dorton Road,Chilterns,B,61.3,3.8
discovered,Glencannich Road,Scottish Highlands,B,61.3,14.4
discovered,Hebden Bank,Yorkshire Dales & Moors,B,61.3,3.8
discovered,Hillswood Road,High Weald / East Sussex,B,61.3,1.4
discovered,Lartington Green Lane,North Pennines,B,61.3,2.5
discovered,Laurieston Road,Southern Uplands & Borders,B,61.3,15.0
discovered,Mill Lane,High Weald / East Sussex,B,61.3,0.3
discovered,Orford Road,Lincolnshire Wolds,B,61.3,5.3
discovered,Rowden Lane,Yorkshire Dales & Moors,B,61.3,1.7
discovered,Shaw Lane,Yorkshire Dales & Moors,B,61.3,1.9
discovered,Timberley Lane,Dorset & New Forest,B,61.3,1.7
discovered,Unnamed road E of Cow Ark,Yorkshire Dales & Moors,B,61.3,1.3
discovered,Unnamed road E of Loaning Head,North Pennines,B,61.3,3.5
discovered,Unnamed road NE of Old Tebay,Yorkshire Dales & Moors,B,61.3,1.4
discovered,Unnamed road NW of Leachan,Scottish Highlands,B,61.3,1.4
discovered,Unnamed road S of Harnham,North Pennines,B,61.3,1.7
discovered,Unnamed road S of Llangurig (1),Mid-Wales / Powys,B,61.3,2.4
discovered,Unnamed road SE of Ruthwaite,Lake District,B,61.3,2.0
discovered,Unnamed road W of Stoddah Gate,Lake District,B,61.3,2.0
discovered,A355,Chilterns,B,61.2,5.2
founding,A44 Chipping Norton to Broadway,Midlands,B,61.2,26.3
discovered,A8003,Argyll & the Trossachs,B,61.2,12.8
discovered,A92,Cairngorms & Deeside,B,61.2,5.2
discovered,A920,Cairngorms & Deeside,B,61.2,19.2
discovered,Ass Hill,Dorset & New Forest,B,61.2,0.3
discovered,B2082,Kent High Weald,B,61.2,11.0
discovered,B2201,South Downs,B,61.2,3.9
discovered,B3114,Mendips,B,61.2,10.0
discovered,B4233,Brecon Beacons,B,61.2,12.9
discovered,B6351,Northumberland & Cheviots,B,61.2,9.4
discovered,B794,Southern Uplands & Borders,B,61.2,12.2
discovered,B8083,Isle of Skye,B,61.2,16.6
discovered,B9001,Cairngorms & Deeside,B,61.2,16.1
discovered,B9170,Cairngorms & Deeside,B,61.2,1.5
discovered,Calf Way,Cotswolds,B,61.2,4.7
discovered,Castledore Road,Cornwall,B,61.2,1.6
discovered,Church Lane,Kent High Weald,B,61.2,1.6
discovered,Coos Lane,High Weald / East Sussex,B,61.2,1.7
discovered,Dub Brow,Lake District,B,61.2,0.4
discovered,Edge Top Road,Peak District,B,61.2,5.2
discovered,Glen Gloy Road,Scottish Highlands,B,61.2,4.6
discovered,Nettlepole Lane,Kent High Weald,B,61.2,1.1
discovered,Peth Lane,North Pennines,B,61.2,1.2
discovered,Postern Gate Road,Forest of Bowland,B,61.2,2.7
founding,R341 Sky Road Clifden,Ireland (RoI),B,61.2,9.8
discovered,Shalbourne Road,North Wessex Downs,B,61.2,1.9
discovered,Sked Dale,North York Moors & Wolds,B,61.2,3.9
discovered,Steel Brow,Lake District,B,61.2,0.7
discovered,Straight Half Mile,South Downs,B,61.2,1.4
discovered,The Downs,Kent High Weald,B,61.2,1.6
discovered,The Jarnett,Peak District,B,61.2,1.6
discovered,The Ridgeway,North Wessex Downs,B,61.2,6.4
discovered,Ty'n y Rhyd,Denbigh Moors / North Wales,B,61.2,3.7
discovered,Unnamed road NW of Beechcombe,Dartmoor,B,61.2,1.2
discovered,Unnamed road S of St Clether,Cornwall,B,61.2,1.7
discovered,Unnamed road SE of Cannop,Wye Valley & Forest of Dean,B,61.2,3.2
discovered,Unnamed road SW of Biscathorpe,Lincolnshire Wolds,B,61.2,1.1
discovered,Unnamed road SW of Mill of Haugh,Cairngorms & Deeside,B,61.2,1.1
discovered,Unnamed road SW of Upper Chapel,Brecon Beacons,B,61.2,3.0
discovered,Unnamed road W of Clwydyfagwyr,Brecon Beacons,B,61.2,2.3
discovered,Unnamed road W of Horsebrook,Dartmoor,B,61.2,1.8
discovered,Unnamed road W of Thornley Gate (2),North Pennines,B,61.2,2.0
discovered,A393,Cornwall,B,61.1,5.7
discovered,A417,Cotswolds,B,61.1,26.9
discovered,A483,Brecon Beacons,B,61.1,9.6
founding,A924 Pitlochry to Bridge of Cally,Scotland,B,61.1,33.9
discovered,Alkham Valley Road,East Kent,B,61.1,0.7
discovered,B2070,South Downs,B,61.1,1.7
discovered,B3374,Cornwall,B,61.1,2.1
discovered,B4380,Shropshire Hills & Marches,B,61.1,13.7
discovered,B5101,Denbigh Moors / North Wales,B,61.1,2.5
discovered,B6281,North Pennines,B,61.1,2.5
discovered,B6347,Northumberland & Cheviots,B,61.1,10.7
discovered,B7005,Southern Uplands & Borders,B,61.1,16.1
discovered,B8000,Argyll & the Trossachs,B,61.1,40.1
discovered,B8034,Argyll & the Trossachs,B,61.1,8.0
discovered,Beddlestead Lane,Surrey Hills & North Downs,B,61.1,3.8
discovered,Bluebell Lane,Shropshire Hills & Marches,B,61.1,2.5
discovered,Bradenham Hill,Norfolk & Suffolk,B,61.1,1.8
discovered,Bridewell Lane,Dorset & New Forest,B,61.1,2.3
discovered,Brook Lane,South Downs,B,61.1,2.1
discovered,Bullen Road,Isle of Wight,B,61.1,1.3
discovered,Canterbury Road,Kent High Weald,B,61.1,4.6
discovered,Carters Road,Isle of Wight,B,61.1,1.0
discovered,Harting Combe Road,South Downs,B,61.1,3.0
discovered,Hazelrigg Lane,Forest of Bowland,B,61.1,2.2
discovered,Hopton Lane,Malverns & Herefordshire,B,61.1,2.8
discovered,King's Avenue,Norfolk & Suffolk,B,61.1,0.7
discovered,Middleton Common Lane,South Downs,B,61.1,1.1
discovered,Odstock Road,Dorset & New Forest,B,61.1,2.0
discovered,Park Lane,Kent High Weald,B,61.1,3.1
discovered,Plumer Road,Yorkshire Dales & Moors,B,61.1,1.3
discovered,Ramsbury Road,North Wessex Downs,B,61.1,4.3
discovered,Ridge Road,Exmoor,B,61.1,0.5
discovered,Riding Lane,High Weald / East Sussex,B,61.1,3.1
discovered,Saddler Nook Lane,Forest of Bowland,B,61.1,1.3
discovered,The Craig Road,Wye Valley & Forest of Dean,B,61.1,2.8
discovered,Thorpe Road,Yorkshire Dales & Moors,B,61.1,4.6
discovered,Unnamed road E of Leighon,Dartmoor,B,61.1,2.6
discovered,Unnamed road NE of Thrushelton (1),Dartmoor,B,61.1,1.1
discovered,Unnamed road NW of Newland,Wye Valley & Forest of Dean,B,61.1,1.6
discovered,Unnamed road S of East Knowstone,Exmoor,B,61.1,2.0
discovered,Unnamed road S of Sutton Waldron,Dorset & New Forest,B,61.1,1.7
discovered,Unnamed road SW of Stubhampton,Dorset & New Forest,B,61.1,1.1
discovered,Upcott Hill,Exmoor,B,61.1,2.8
discovered,Walesby Road,Lincolnshire Wolds,B,61.1,2.9
discovered,A3124,Exmoor,B,61.0,14.3
discovered,A6089,Southern Uplands & Borders,B,61.0,19.5
discovered,A65,Yorkshire Dales & Moors,B,61.0,22.8
discovered,A87,Scottish Highlands,B,61.0,29.3
discovered,B4526,North Wessex Downs,B,61.0,2.8
discovered,B5119,Denbigh Moors / North Wales,B,61.0,6.5
discovered,Bridge of Lundies,Cairngorms & Deeside,B,61.0,1.0
discovered,C1083,Scottish Highlands,B,61.0,2.4
discovered,Copse House Hill,Dorset & New Forest,B,61.0,1.2
discovered,Crookham Hill,North Wessex Downs,B,61.0,1.7
discovered,Drury Lane,Shropshire Hills & Marches,B,61.0,6.2
discovered,Dunham Road,Norfolk & Suffolk,B,61.0,2.0
discovered,Forest Hill,North Wessex Downs,B,61.0,2.8
discovered,Frogwell Lane,Exmoor,B,61.0,4.6
discovered,Gaw Glen Bridge,Southern Uplands & Borders,B,61.0,3.5
discovered,Gun Road,Peak District,B,61.0,2.3
discovered,Little Trodgers Lane,High Weald / East Sussex,B,61.0,2.6
discovered,Manstree Road,Dartmoor,B,61.0,5.8
discovered,Mill Street,Kent High Weald,B,61.0,2.3
discovered,Outwood Lane,Surrey Hills & North Downs,B,61.0,5.7
discovered,Pease Hill,North Wessex Downs,B,61.0,1.6
discovered,Ridgeway Lane,Dartmoor,B,61.0,1.5
discovered,Stock Lane,North Wessex Downs,B,61.0,6.3
discovered,Thunderpit Lane,Peak District,B,61.0,1.5
discovered,Undercliff Drive,Isle of Wight,B,61.0,1.9
discovered,Unnamed road E of An t-Òrd,Scottish Highlands,B,61.0,7.1
discovered,Unnamed road E of Coanwood,North Pennines,B,61.0,1.3
discovered,Unnamed road NE of Abercywarch,Snowdonia,B,61.0,4.9
discovered,Unnamed road NW of Ramshaw,North Pennines,B,61.0,1.4
discovered,Unnamed road S of Llandegla (2),Denbigh Moors / North Wales,B,61.0,1.8
discovered,Unnamed road SW of Bodsham,Kent High Weald,B,61.0,1.3
discovered,Unnamed road SW of Motcombe,Dorset & New Forest,B,61.0,1.9
discovered,Unnamed road W of Crosshands (1),Southern Uplands & Borders,B,61.0,2.9
discovered,Unnamed road W of Stenigot,Lincolnshire Wolds,B,61.0,2.4
discovered,Witherenden Hill,Kent High Weald,B,61.0,2.5
founding,A2 Mourne Coastal Newcastle to Newry,N. Ireland,B,60.9,51.7
discovered,A225,Kent High Weald,B,60.9,5.8
discovered,A342,North Wessex Downs,B,60.9,3.7
discovered,A443,Shropshire Hills & Marches,B,60.9,10.4
discovered,A48,Wye Valley & Forest of Dean,B,60.9,7.9
discovered,A631,Lincolnshire Wolds,B,60.9,14.0
discovered,A884,Scottish Highlands,B,60.9,30.0
discovered,B4347,Brecon Beacons,B,60.9,15.2
discovered,B7036,Southern Uplands & Borders,B,60.9,5.3
discovered,Babyhouse Lane,Yorkshire Dales & Moors,B,60.9,2.3
discovered,Baileys Hill,Dorset & New Forest,B,60.9,1.9
discovered,Bewlbridge Lane,Kent High Weald,B,60.9,1.1
discovered,Cinderford Road,Wye Valley & Forest of Dean,B,60.9,4.7
discovered,Cooksburn Bridge,Northumberland & Cheviots,B,60.9,2.7
discovered,Elmers Marsh Lane,South Downs,B,60.9,1.8
discovered,Eskdaleside,North York Moors & Wolds,B,60.9,4.2
discovered,Gatecliff Brow,Yorkshire Dales & Moors,B,60.9,2.8
discovered,Greenway Road,Cotswolds,B,60.9,2.8
discovered,High Cross,Peak District,B,60.9,1.2
discovered,Hodgson Hill,North York Moors & Wolds,B,60.9,1.4
discovered,Holden Lane,Yorkshire Dales & Moors,B,60.9,3.6
discovered,Lawhill Road,Southern Uplands & Borders,B,60.9,2.3
discovered,Moor End Road,North York Moors & Wolds,B,60.9,3.1
discovered,Morningside Road,Southern Uplands & Borders,B,60.9,1.4
discovered,Red Bank,Mid-Wales / Powys,B,60.9,1.4
discovered,South Ash Road,Kent High Weald,B,60.9,2.0
discovered,Trelleck Road,Wye Valley & Forest of Dean,B,60.9,2.8
discovered,Unnamed road E of Lee Moor,Dartmoor,B,60.9,1.3
discovered,Unnamed road N of Y Fan,Mid-Wales / Powys,B,60.9,5.5
discovered,Unnamed road NE of Pontneddfechan (2),Brecon Beacons,B,60.9,1.2
discovered,Unnamed road NE of Whittonditch,North Wessex Downs,B,60.9,1.8
discovered,Unnamed road NW of Lamerton (1),Dartmoor,B,60.9,2.0
discovered,Unnamed road NW of Pant,Brecon Beacons,B,60.9,1.2
discovered,Unnamed road S of Forkins,Southern Uplands & Borders,B,60.9,1.8
discovered,Unnamed road W of Leadgate,North Pennines,B,60.9,1.6
discovered,Uppingham Road,Leicestershire & Rutland,B,60.9,1.1
discovered,Wall Hill Road,High Weald / East Sussex,B,60.9,1.0
discovered,West Lane,North York Moors & Wolds,B,60.9,4.0
discovered,A18,Lincolnshire Wolds,B,60.8,1.6
discovered,A26,South Downs,B,60.8,8.2
discovered,B3206,Dartmoor,B,60.8,2.4
discovered,B4003,North Wessex Downs,B,60.8,1.7
discovered,B4079,Cotswolds,B,60.8,6.3
discovered,B4080,Cotswolds,B,60.8,8.8
discovered,B4348,Brecon Beacons,B,60.8,24.1
discovered,B4351,Brecon Beacons,B,60.8,1.8
discovered,B5381,Denbigh Moors / North Wales,B,60.8,4.3
discovered,B6324,North Pennines,B,60.8,2.1
discovered,B6461,Northumberland & Cheviots,B,60.8,14.6
discovered,B793,Southern Uplands & Borders,B,60.8,12.6
discovered,B8001,Argyll & the Trossachs,B,60.8,2.3
discovered,B883,Isle of Skye,B,60.8,10.5
discovered,B9138,Cairngorms & Deeside,B,60.8,1.5
discovered,B967,Cairngorms & Deeside,B,60.8,9.6
discovered,B979,Cairngorms & Deeside,B,60.8,3.8
discovered,Barden Road,High Weald / East Sussex,B,60.8,2.3
discovered,Barskimming Road,Southern Uplands & Borders,B,60.8,3.7
discovered,Black Gill Lane,Yorkshire Dales & Moors,B,60.8,2.5
discovered,Burrow Lane,Dartmoor,B,60.8,1.9
discovered,C448,Scottish Highlands,B,60.8,17.1
discovered,C50a,Southern Uplands & Borders,B,60.8,3.8
discovered,Chlenry Bridge,Southern Uplands & Borders,B,60.8,1.3
discovered,Combe Lane,Surrey Hills & North Downs,B,60.8,3.0
discovered,Droxford Road,South Downs,B,60.8,1.7
discovered,Lancaster Road,Forest of Bowland,B,60.8,4.2
discovered,Normanby Rise,Lincolnshire Wolds,B,60.8,1.2
discovered,Park Lane,Chilterns,B,60.8,1.9
discovered,Queen Street,Cotswolds,B,60.8,0.3
discovered,Rape Close Lane,North York Moors & Wolds,B,60.8,3.2
discovered,Unnamed road N of Crathes (1),Cairngorms & Deeside,B,60.8,1.7
discovered,Unnamed road N of Horwood,Exmoor,B,60.8,2.9
discovered,Unnamed road N of Kearton,Yorkshire Dales & Moors,B,60.8,1.1
discovered,Unnamed road N of Little Badminton (1),Cotswolds,B,60.8,2.0
discovered,Unnamed road NE of Potburn,Southern Uplands & Borders,B,60.8,1.1
discovered,Unnamed road NW of Upper Knockando,Cairngorms & Deeside,B,60.8,11.4
discovered,Unnamed road S of Nomansland,Dorset & New Forest,B,60.8,2.6
discovered,Unnamed road SE of Barber Booth,Peak District,B,60.8,2.0
discovered,Unnamed road SE of Bellaty,Cairngorms & Deeside,B,60.8,1.6
discovered,Unnamed road SE of Davis's Town,South Downs,B,60.8,1.7
discovered,Unnamed road SE of Llanuwchllyn,Snowdonia,B,60.8,1.1
discovered,Unnamed road SE of Morham (1),Berwickshire Coast,B,60.8,2.7
discovered,Usk Road,Wye Valley & Forest of Dean,B,60.8,1.1
discovered,West Lane,North Pennines,B,60.8,1.7
discovered,Wilcot Road,North Wessex Downs,B,60.8,2.0
discovered,A27,South Downs,B,60.7,2.6
discovered,A3059,Cornwall,B,60.7,8.0
discovered,A487,Mid-Wales / Powys,B,60.7,13.2
discovered,A837,Scottish Highlands,B,60.7,81.8
discovered,B4352,Mid-Wales / Powys,B,60.7,3.0
discovered,B4362,Mid-Wales / Powys,B,60.7,8.0
founding,B4425 Bibury to Burford,Cotswolds,B,60.7,22.1
discovered,B6263,Southern Uplands & Borders,B,60.7,3.6
discovered,B6370,Berwickshire Coast,B,60.7,14.8
discovered,B9161,Scottish Highlands,B,60.7,5.2
discovered,Castle Lane,Dorset & New Forest,B,60.7,2.8
discovered,Chesters Brae,Southern Uplands & Borders,B,60.7,0.7
discovered,Clanfield Road,South Downs,B,60.7,3.0
discovered,Daniel Lane,North Pennines,B,60.7,2.9
discovered,Drapers Way,Exmoor,B,60.7,6.3
discovered,Eshton Road,Yorkshire Dales & Moors,B,60.7,1.1
discovered,Fair Head Lane,North York Moors & Wolds,B,60.7,3.1
discovered,Ffordd Morfa Bychan,Snowdonia,B,60.7,1.8
discovered,Forest Road,North Wessex Downs,B,60.7,2.3
discovered,Gleaves Hill Lane,Forest of Bowland,B,60.7,2.1
discovered,Gretton Road,Leicestershire & Rutland,B,60.7,1.4
discovered,Hartmoor Hill,Dorset & New Forest,B,60.7,1.1
discovered,Howburn Bridge,North Pennines,B,60.7,1.3
discovered,Kingston Road,South Downs,B,60.7,1.4
discovered,Longridge Road,Forest of Bowland,B,60.7,1.3
discovered,Rushton Road,Peak District,B,60.7,3.1
discovered,Salisbury Street,Dorset & New Forest,B,60.7,6.2
discovered,Shortwood Lane,Lincolnshire Wolds,B,60.7,2.2
discovered,Totnes Road,Dartmoor,B,60.7,4.6
discovered,Trottiscliffe Road,Kent High Weald,B,60.7,1.3
discovered,Unnamed road E of Fawler,Cotswolds,B,60.7,1.5
discovered,Unnamed road E of Lea,Wye Valley & Forest of Dean,B,60.7,2.2
discovered,Unnamed road E of Northlew,Dartmoor,B,60.7,1.4
discovered,Unnamed road E of Redhall,Berwickshire Coast,B,60.7,2.0
discovered,Unnamed road NE of Netherton,Cairngorms & Deeside,B,60.7,8.0
discovered,Unnamed road NE of Roachill,Exmoor,B,60.7,2.2
discovered,Unnamed road NW of Little Blencow,Lake District,B,60.7,2.9
discovered,Unnamed road NW of Milton of Cushnie (2),Cairngorms & Deeside,B,60.7,8.4
discovered,Unnamed road SE of Downes,Exmoor,B,60.7,2.4
discovered,Unnamed road SW of Little Badminton,Cotswolds,B,60.7,1.1
discovered,Unnamed road W of Chedworth,Cotswolds,B,60.7,2.2
discovered,Unnamed road W of Darren,Brecon Beacons,B,60.7,2.8
discovered,Waterswallows Road,Peak District,B,60.7,3.5
discovered,Whitewell Road,Cornwall,B,60.7,2.7
discovered,Yearsley Moor Bank,North York Moors & Wolds,B,60.7,1.7
discovered,A339,North Wessex Downs,B,60.6,4.6
founding,A835 Ullapool to Garve,Scotland,B,60.6,51.1
discovered,Alverstone Road,Isle of Wight,B,60.6,1.4
discovered,B1373,Lincolnshire Wolds,B,60.6,3.9
discovered,B1410,North York Moors & Wolds,B,60.6,1.3
discovered,B3096,Exmoor,B,60.6,2.6
discovered,B4388,Mid-Wales / Powys,B,60.6,11.4
founding,B6047/B664 Midlands Tick,Midlands,B,60.6,37.8
discovered,B713,Southern Uplands & Borders,B,60.6,2.4
discovered,Blackdon Hill,High Weald / East Sussex,B,60.6,1.3
discovered,Blakelow Road,Peak District,B,60.6,3.2
discovered,Carey Burn Bridge,Northumberland & Cheviots,B,60.6,3.7
discovered,Coates Lane,South Downs,B,60.6,3.1
discovered,Eckford Mill Bridge,Southern Uplands & Borders,B,60.6,2.8
discovered,Fitzlea Wood Road,South Downs,B,60.6,1.6
discovered,High Moor Road,Yorkshire Dales & Moors,B,60.6,1.8
discovered,Long Close Lane,Yorkshire Dales & Moors,B,60.6,0.7
discovered,Newnham Road,Isle of Wight,B,60.6,1.0
discovered,Penwarne Road,Cornwall,B,60.6,5.2
discovered,Pewsey Road,North Wessex Downs,B,60.6,8.3
discovered,Proberts Barn Lane,Wye Valley & Forest of Dean,B,60.6,2.8
discovered,Race Course Road,Southern Uplands & Borders,B,60.6,1.5
discovered,Rawcliff Road,North York Moors & Wolds,B,60.6,1.3
discovered,Station Road,Cornwall,B,60.6,5.4
discovered,Stolford Hill,Exmoor,B,60.6,2.5
discovered,Unnamed road N of Monyash,Peak District,B,60.6,1.9
discovered,Unnamed road N of Moresby Parks,Lake District,B,60.6,1.1
discovered,Unnamed road N of Weaverthorpe,North York Moors & Wolds,B,60.6,3.9
discovered,Unnamed road NE of Gwestyn,Mid-Wales / Powys,B,60.6,1.5
discovered,Unnamed road S of Nashend,Cotswolds,B,60.6,1.4
discovered,Unnamed road SE of Prosen Village,Cairngorms & Deeside,B,60.6,3.9
discovered,Unnamed road SW of Bagshaw,Peak District,B,60.6,1.6
discovered,Unnamed road SW of Foindle,Scottish Highlands,B,60.6,3.3
discovered,Unnamed road SW of Gilmonby,Yorkshire Dales & Moors,B,60.6,2.1
discovered,Unnamed road SW of Llangurig (1),Mid-Wales / Powys,B,60.6,1.9
discovered,Unnamed road W of Brayford,Exmoor,B,60.6,2.5
discovered,Unnamed road W of The Ruddings,Lake District,B,60.6,1.4
discovered,Unnamed road W of Waskerley (2),North Pennines,B,60.6,4.8
discovered,West Lane,Yorkshire Dales & Moors,B,60.6,2.7
discovered,A246,Surrey Hills & North Downs,B,60.5,1.6
discovered,A256,East Kent,B,60.5,2.3
discovered,A368,Mendips,B,60.5,22.8
discovered,A433,Cotswolds,B,60.5,23.9
discovered,A68,Southern Uplands & Borders,B,60.5,25.3
discovered,A695,North Pennines,B,60.5,2.0
discovered,B2087,Kent High Weald,B,60.5,2.9
founding,B3157 Jurassic Coast Road,South West,B,60.5,30.2
discovered,B4442,Chilterns,B,60.5,3.4
discovered,B5294,Lake District,B,60.5,2.7
discovered,B6271,Yorkshire Dales & Moors,B,60.5,17.0
discovered,B6301,North Pennines,B,60.5,10.7
discovered,B6360,Southern Uplands & Borders,B,60.5,7.0
discovered,B6528,North Pennines,B,60.5,3.5
discovered,B777,Southern Uplands & Borders,B,60.5,7.3
discovered,B881,Argyll & the Trossachs,B,60.5,7.1
discovered,B9137,Cairngorms & Deeside,B,60.5,1.4
discovered,Bullockstone Road,Kent High Weald,B,60.5,1.0
discovered,C11n,Southern Uplands & Borders,B,60.5,2.4
discovered,Chiseldon Road,North Wessex Downs,B,60.5,4.6
discovered,Cirencester Road,Cotswolds,B,60.5,7.1
discovered,Danehill Lane,High Weald / East Sussex,B,60.5,1.1
discovered,Dibble Bridge Bank,North York Moors & Wolds,B,60.5,1.3
discovered,Eastling Road,Kent High Weald,B,60.5,5.2
discovered,Everington Lane,North Wessex Downs,B,60.5,3.8
discovered,Fountains Lane,Yorkshire Dales & Moors,B,60.5,1.0
discovered,Hall Hill,Yorkshire Dales & Moors,B,60.5,2.6
discovered,Long Lane,Isle of Wight,B,60.5,2.0
discovered,Lynn Road,Norfolk & Suffolk,B,60.5,4.4
discovered,Main Street,Southern Uplands & Borders,B,60.5,6.7
discovered,Oldborough Lane,Dartmoor,B,60.5,1.1
discovered,Petersfield Lane,South Downs,B,60.5,1.8
discovered,Rochester Road,Kent High Weald,B,60.5,2.0
discovered,Shipham Road,Mendips,B,60.5,2.3
discovered,Spatham Lane,South Downs,B,60.5,3.1
discovered,Station Road,Leicestershire & Rutland,B,60.5,1.4
discovered,Unnamed road E of Fontmell Magna,Dorset & New Forest,B,60.5,4.5
discovered,Unnamed road E of Towan,Cornwall,B,60.5,2.1
discovered,Unnamed road E of Trevilla,Cornwall,B,60.5,1.5
discovered,Unnamed road N of Caton,Dartmoor,B,60.5,2.3
discovered,Unnamed road N of Donhead St Andrew,Dorset & New Forest,B,60.5,1.8
discovered,Unnamed road N of Far Thorpe,Lincolnshire Wolds,B,60.5,2.0
discovered,Unnamed road NE of Mitchel Troy,Wye Valley & Forest of Dean,B,60.5,1.6
discovered,Unnamed road NW of Fernham,North Wessex Downs,B,60.5,1.5
discovered,Unnamed road SE of Marrick Park,Yorkshire Dales & Moors,B,60.5,2.0
discovered,Unnamed road SW of Wescoe,Lake District,B,60.5,1.4
discovered,Unnamed road W of Botary,Cairngorms & Deeside,B,60.5,1.5
discovered,Unnamed road W of Buckland Newton,Dorset & New Forest,B,60.5,1.6
discovered,Unnamed road W of Miller's Dale,Peak District,B,60.5,1.8
discovered,Unnamed road W of West Moor,Northumberland & Cheviots,B,60.5,2.9
discovered,A346,North Wessex Downs,B,60.4,19.5
discovered,Aislaby Lane,North York Moors & Wolds,B,60.4,1.2
discovered,Anchors Lane,Peak District,B,60.4,1.2
discovered,B1206,Lincolnshire Wolds,B,60.4,14.8
discovered,B3006,South Downs,B,60.4,3.6
discovered,B3170,Exmoor,B,60.4,15.6
discovered,B3234,Exmoor,B,60.4,2.3
discovered,B3269,Cornwall,B,60.4,6.9
discovered,B4078,Cotswolds,B,60.4,2.5
founding,B4203 Great Witley to Bromyard,Midlands,B,60.4,18.7
discovered,B4220,Wye Valley & Forest of Dean,B,60.4,1.8
discovered,B6256,Yorkshire Dales & Moors,B,60.4,1.7
discovered,B6323,North Pennines,B,60.4,4.5
discovered,B6354,Northumberland & Cheviots,B,60.4,17.4
discovered,B6542,North Pennines,B,60.4,4.2
discovered,B7047,Southern Uplands & Borders,B,60.4,2.4
discovered,B7078,Southern Uplands & Borders,B,60.4,12.5
discovered,B8035,Argyll & the Trossachs,B,60.4,15.3
discovered,B9115,Cairngorms & Deeside,B,60.4,6.7
discovered,B9128,Cairngorms & Deeside,B,60.4,7.7
discovered,Berghill Lane,North York Moors & Wolds,B,60.4,1.2
discovered,Black Lane,Leicestershire & Rutland,B,60.4,1.2
discovered,Cleave Lane End,Exmoor,B,60.4,4.0
discovered,Clements End Road,Wye Valley & Forest of Dean,B,60.4,1.1
discovered,Corf Road,Isle of Wight,B,60.4,2.4
discovered,Cuxwold Road,Lincolnshire Wolds,B,60.4,2.1
discovered,Ditchling Bostall,South Downs,B,60.4,1.2
discovered,Fair Mile Road,Dorset & New Forest,B,60.4,4.6
discovered,Forest Road,High Weald / East Sussex,B,60.4,5.0
discovered,Hawk's Lane,Cotswolds,B,60.4,1.3
discovered,Hawkcombe Lane,Dorset & New Forest,B,60.4,5.2
discovered,Helm Road,Yorkshire Dales & Moors,B,60.4,2.7
discovered,Littlefell Lane,Forest of Bowland,B,60.4,3.2
discovered,Llanfair Road,Mid-Wales / Powys,B,60.4,3.7
discovered,Merriments Lane,Kent High Weald,B,60.4,2.2
discovered,Mill Lane,South Downs,B,60.4,1.2
discovered,Moor Road,Yorkshire Dales & Moors,B,60.4,2.0
discovered,Old Military Road,Cairngorms & Deeside,B,60.4,4.4
discovered,Old Military Road,Argyll & the Trossachs,B,60.4,2.8
discovered,Selling Road,Kent High Weald,B,60.4,2.3
discovered,Station Road,Kent High Weald,B,60.4,2.2
discovered,Station Road,Lincolnshire Wolds,B,60.4,5.2
discovered,Taunton Road,Exmoor,B,60.4,1.9
discovered,Unnamed road N of Michelcombe,Dartmoor,B,60.4,1.3
discovered,Unnamed road N of Waskerley,North Pennines,B,60.4,1.1
discovered,Unnamed road S of Whitfield,North Pennines,B,60.4,2.5
discovered,Unnamed road SE of Bampton Grange (1),North Pennines,B,60.4,2.6
discovered,Unnamed road SE of Coronwen,Mid-Wales / Powys,B,60.4,10.8
discovered,Unnamed road SW of Asby,Lake District,B,60.4,1.3
discovered,Unnamed road SW of Ponsworthy (1),Dartmoor,B,60.4,1.2
discovered,A73,Southern Uplands & Borders,B,60.3,3.3
discovered,A839,Scottish Highlands,B,60.3,32.0
discovered,B1176,Leicestershire & Rutland,B,60.3,19.2
discovered,B1257,North York Moors & Wolds,B,60.3,6.5
discovered,B3304,Cornwall,B,60.3,3.2
discovered,B3344,Dartmoor,B,60.3,7.8
discovered,B4378,Shropshire Hills & Marches,B,60.3,10.7
discovered,B4602,Brecon Beacons,B,60.3,2.7
discovered,B5304,Southern Uplands & Borders,B,60.3,1.6
discovered,B5307,Southern Uplands & Borders,B,60.3,24.2
discovered,B778,Southern Uplands & Borders,B,60.3,10.0
discovered,Birch Grove Road,High Weald / East Sussex,B,60.3,1.9
discovered,Blacksticks Lane,Forest of Bowland,B,60.3,1.1
discovered,Chesham Lane,Chilterns,B,60.3,2.5
discovered,Essich Road,Scottish Highlands,B,60.3,4.5
discovered,Fine Lane,North Pennines,B,60.3,3.0
discovered,Golford Road,Kent High Weald,B,60.3,4.5
discovered,Goodleigh Road,Exmoor,B,60.3,13.9
discovered,Green Dene,Surrey Hills & North Downs,B,60.3,3.4
discovered,Henside Road,Yorkshire Dales & Moors,B,60.3,7.7
discovered,Hill Road,North Pennines,B,60.3,1.4
discovered,Icomb Hill,Cotswolds,B,60.3,0.6
discovered,Ladies Mile,High Weald / East Sussex,B,60.3,1.6
discovered,Land Ends Road,North Pennines,B,60.3,0.4
discovered,Moor Hill,Leicestershire & Rutland,B,60.3,1.9
discovered,Sayle Lane,Yorkshire Dales & Moors,B,60.3,5.5
discovered,Sedgeford Road,Norfolk & Suffolk,B,60.3,4.6
discovered,Sleets Gill Bridge,Yorkshire Dales & Moors,B,60.3,2.6
discovered,St Ive Road,Cornwall,B,60.3,3.3
discovered,Stockland Bristol Road,Exmoor,B,60.3,3.8
discovered,Tadmarton Heath Road,Cotswolds,B,60.3,8.1
discovered,Unnamed road N of Kentchurch,Wye Valley & Forest of Dean,B,60.3,1.5
discovered,Unnamed road NE of East Nightcott,Exmoor,B,60.3,1.7
discovered,Unnamed road NW of Pie Corner,Malverns & Herefordshire,B,60.3,3.2
discovered,Unnamed road S of Blackbeck,Lake District,B,60.3,1.7
discovered,Unnamed road S of Gaer-llwyd (2),Wye Valley & Forest of Dean,B,60.3,2.7
discovered,Unnamed road S of Lower Maes-coed,Brecon Beacons,B,60.3,2.3
discovered,Unnamed road S of Westerdale,North York Moors & Wolds,B,60.3,3.6
discovered,Unnamed road SE of Dukesfield,North Pennines,B,60.3,1.5
discovered,Unnamed road SE of English Bicknor,Wye Valley & Forest of Dean,B,60.3,2.4
discovered,Unnamed road SE of Milton Abbas,Dorset & New Forest,B,60.3,2.0
discovered,Unnamed road SE of Whitebridge (4),Scottish Highlands,B,60.3,1.6
discovered,Unnamed road SW of Invercreran (2),Scottish Highlands,B,60.3,3.5
discovered,Woodcote Lane,South Downs,B,60.3,1.6
discovered,A1065,Norfolk & Suffolk,B,60.2,2.8
discovered,A4081,Mid-Wales / Powys,B,60.2,6.8
discovered,A470,Denbigh Moors / North Wales,B,60.2,4.8
discovered,A6069,Yorkshire Dales & Moors,B,60.2,1.9
discovered,A6076,North Pennines,B,60.2,1.5
discovered,A684,North York Moors & Wolds,B,60.2,9.9
discovered,A762,Southern Uplands & Borders,B,60.2,26.9
discovered,Askwith Moor Road,Yorkshire Dales & Moors,B,60.2,2.4
discovered,B3055,Dorset & New Forest,B,60.2,1.8
discovered,B3151,Mendips,B,60.2,6.1
discovered,B3303,Cornwall,B,60.2,6.9
discovered,B4230,Brecon Beacons,B,60.2,1.5
discovered,B4365,Shropshire Hills & Marches,B,60.2,7.9
discovered,B5106,Denbigh Moors / North Wales,B,60.2,4.7
discovered,B6001,Peak District,B,60.2,6.7
discovered,B6267,Yorkshire Dales & Moors,B,60.2,10.7
discovered,B6275,Yorkshire Dales & Moors,B,60.2,11.1
discovered,B6307,North Pennines,B,60.2,3.3
discovered,Burnside,Southern Uplands & Borders,B,60.2,1.8
discovered,Burnt Houses Lane,North Pennines,B,60.2,4.5
discovered,Bury Lane,North Wessex Downs,B,60.2,2.3
discovered,C1139,Scottish Highlands,B,60.2,2.2
discovered,C114n,Southern Uplands & Borders,B,60.2,3.4
discovered,Chalton Lane,South Downs,B,60.2,2.1
discovered,Chapel Lane,Yorkshire Dales & Moors,B,60.2,2.2
discovered,Church Lane,Surrey Hills & North Downs,B,60.2,2.0
discovered,Clearwell Road,Wye Valley & Forest of Dean,B,60.2,1.2
discovered,Cormongers Lane,High Weald / East Sussex,B,60.2,1.4
discovered,Cowden Pound Road,High Weald / East Sussex,B,60.2,1.9
discovered,Forest Bridge,Lake District,B,60.2,3.0
discovered,Killhorse Lane,Shropshire Hills & Marches,B,60.2,9.6
discovered,Lake Street,High Weald / East Sussex,B,60.2,2.9
discovered,Lewes Road,South Downs,B,60.2,5.3
discovered,Malmains Road,Kent High Weald,B,60.2,1.2
discovered,Mareham Road,Lincolnshire Wolds,B,60.2,1.8
discovered,Meagill Lane,Yorkshire Dales & Moors,B,60.2,2.6
discovered,Merrywood Lane,South Downs,B,60.2,1.4
discovered,Mile Lane,Lake District,B,60.2,1.6
discovered,Mowsley Road,Leicestershire & Rutland,B,60.2,1.4
discovered,Newbury Road,North Wessex Downs,B,60.2,4.4
discovered,Pemberton Road,North Pennines,B,60.2,2.7
discovered,Petersfield Road,South Downs,B,60.2,2.8
discovered,Place Lane,Kent High Weald,B,60.2,1.9
discovered,Pocklington Lane,North York Moors & Wolds,B,60.2,2.3
discovered,Pont Lane,North Pennines,B,60.2,2.0
discovered,Rhigos Road,Brecon Beacons,B,60.2,5.3
discovered,Stelling Road,Yorkshire Dales & Moors,B,60.2,3.9
discovered,Unnamed road E of Stonegate,North York Moors & Wolds,B,60.2,1.4
discovered,Unnamed road NE of Llanymawddwy,Snowdonia,B,60.2,5.8
discovered,Unnamed road NE of Meggethead (2),Southern Uplands & Borders,B,60.2,4.6
discovered,Unnamed road NW of Eastgate,North Pennines,B,60.2,1.3
discovered,Unnamed road NW of Murthill,Cairngorms & Deeside,B,60.2,1.6
discovered,Unnamed road S of High Mickley,North Pennines,B,60.2,2.1
discovered,Unnamed road SW of Ramshaw,North Pennines,B,60.2,4.6
discovered,Unnamed road SW of Ystradfellte (2),Brecon Beacons,B,60.2,1.4
discovered,Unnamed road W of Wern (1),Brecon Beacons,B,60.2,1.2
discovered,Weston Moor Road,Yorkshire Dales & Moors,B,60.2,1.7
discovered,A149,Norfolk & Suffolk,B,60.1,37.4
discovered,A57,Peak District,B,60.1,1.9
discovered,A747,Southern Uplands & Borders,B,60.1,2.1
discovered,B1205,Lincolnshire Wolds,B,60.1,17.1
discovered,B4350,Brecon Beacons,B,60.1,13.7
discovered,B4375,Shropshire Hills & Marches,B,60.1,5.2
discovered,B5305,Southern Uplands & Borders,B,60.1,6.6
discovered,B6346,Northumberland & Cheviots,B,60.1,16.8
discovered,B6437,Northumberland & Cheviots,B,60.1,16.0
discovered,B676,Leicestershire & Rutland,B,60.1,5.6
discovered,B775,Southern Uplands & Borders,B,60.1,8.8
discovered,Ball Pit Road,North Wessex Downs,B,60.1,3.0
discovered,Barrow Green Road,Surrey Hills & North Downs,B,60.1,1.4
discovered,Black Bridge,Northumberland & Cheviots,B,60.1,1.3
discovered,Bridge Road,Kent High Weald,B,60.1,2.5
discovered,C26a,Southern Uplands & Borders,B,60.1,2.5
discovered,Cadsdean Road,Chilterns,B,60.1,1.2
discovered,Court Hill,Dorset & New Forest,B,60.1,2.0
discovered,Drift Lane,Yorkshire Dales & Moors,B,60.1,1.7
discovered,Elton Lane,Yorkshire Dales & Moors,B,60.1,2.1
discovered,Flimby Brow,Lake District,B,60.1,2.1
discovered,Gifford Road,Berwickshire Coast,B,60.1,4.1
discovered,Grove Road,East Kent,B,60.1,3.8
discovered,Huggate Hill,North York Moors & Wolds,B,60.1,0.3
discovered,Inglewood Road,Lake District,B,60.1,2.5
discovered,Kingshill Lane,Cotswolds,B,60.1,1.8
discovered,Little Marcle Road,Wye Valley & Forest of Dean,B,60.1,3.5
discovered,Malton Road,North York Moors & Wolds,B,60.1,3.1
discovered,Miller's Lane,High Weald / East Sussex,B,60.1,1.3
discovered,Newport Road,Isle of Wight,B,60.1,2.3
discovered,Nought Moor Road,Yorkshire Dales & Moors,B,60.1,4.7
discovered,Pillmore Lane,Mendips,B,60.1,1.6
discovered,Plumstead Road,Norfolk & Suffolk,B,60.1,1.2
discovered,Rack Bridge,Southern Uplands & Borders,B,60.1,1.8
discovered,Red Barn Lane,Norfolk & Suffolk,B,60.1,2.1
discovered,South Hill Road,Cornwall,B,60.1,4.8
discovered,Sundridge Hill,Kent High Weald,B,60.1,1.1
discovered,Toms Hill Road,Chilterns,B,60.1,1.9
discovered,Unnamed road E of Badrallach (2),Scottish Highlands,B,60.1,6.5
discovered,Unnamed road NE of Boxford,North Wessex Downs,B,60.1,1.3
discovered,Unnamed road NW of Eisteddfa Gurig (1),Mid-Wales / Powys,B,60.1,4.1
discovered,Unnamed road NW of Middleton by Youlgrave,Peak District,B,60.1,2.6
discovered,Unnamed road NW of Warren Park,Cairngorms & Deeside,B,60.1,1.3
discovered,Unnamed road S of Chillaton (1),Dartmoor,B,60.1,1.2
discovered,Unnamed road SE of Marypark,Cairngorms & Deeside,B,60.1,3.3
discovered,Unnamed road SW of Muir of Kinellar (2),Cairngorms & Deeside,B,60.1,3.3
discovered,Woldingham Road,Surrey Hills & North Downs,B,60.1,1.0
discovered,A277,South Downs,B,60.0,1.8
discovered,A3,South Downs,B,60.0,1.5
discovered,A4128,Chilterns,B,60.0,9.3
discovered,A699,Southern Uplands & Borders,B,60.0,7.6
discovered,A836,Scottish Highlands,B,60.0,72.6
discovered,B1153,Norfolk & Suffolk,B,60.0,25.6
discovered,B2167,South Downs,B,60.0,1.3
discovered,B2244,Kent High Weald,B,60.0,5.5
discovered,B3054,Dorset & New Forest,B,60.0,3.7
discovered,B3216,Dartmoor,B,60.0,4.0
discovered,B4578,Mid-Wales / Powys,B,60.0,6.7
discovered,B736,Southern Uplands & Borders,B,60.0,5.7
discovered,B861,Scottish Highlands,B,60.0,7.6
discovered,Bardown Road,Kent High Weald,B,60.0,2.1
discovered,Batterley Drove,Dorset & New Forest,B,60.0,1.6
discovered,Bellister Bank,North Pennines,B,60.0,2.9
discovered,Bleasdale Road,Forest of Bowland,B,60.0,3.0
discovered,Blindhouse Lane,Kent High Weald,B,60.0,1.3
discovered,Brimmers Road,Chilterns,B,60.0,1.5
discovered,C77a,Southern Uplands & Borders,B,60.0,5.3
discovered,C7K,Cairngorms & Deeside,B,60.0,17.2
discovered,C81a,Southern Uplands & Borders,B,60.0,10.5
discovered,Cat Bank,Yorkshire Dales & Moors,B,60.0,1.9
discovered,Chesham Road,Chilterns,B,60.0,7.3
discovered,Church Street,Exmoor,B,60.0,3.8
discovered,Cove Road,Yorkshire Dales & Moors,B,60.0,4.4
discovered,Crawcrook Lane,North Pennines,B,60.0,1.9
discovered,Dalrymple Road,Southern Uplands & Borders,B,60.0,7.4
discovered,Dike Lane,Yorkshire Dales & Moors,B,60.0,2.4
discovered,East Dean Hill,South Downs,B,60.0,1.5
discovered,Fron Serth,Snowdonia,B,60.0,3.9
discovered,Goose Lane,Yorkshire Dales & Moors,B,60.0,1.6
discovered,Hazeldon Lane,Dorset & New Forest,B,60.0,1.6
discovered,Holy Island Road,Northumberland & Cheviots,B,60.0,3.0
discovered,Horleigh Green Road,High Weald / East Sussex,B,60.0,1.3
discovered,Hunters Race,South Downs,B,60.0,2.0
discovered,Janesmoor Plain Road,Dorset & New Forest,B,60.0,4.4
discovered,Knapp Hill,Dorset & New Forest,B,60.0,3.3
discovered,Longage Hill,Kent High Weald,B,60.0,1.9
discovered,Main Street,Cotswolds,B,60.0,3.5
discovered,Oxenbridge Lane,Kent High Weald,B,60.0,1.1
discovered,Pont Felin-y-llan,Snowdonia,B,60.0,1.2
discovered,Ranmore Road,Surrey Hills & North Downs,B,60.0,1.8
discovered,Rockshaw Road,Surrey Hills & North Downs,B,60.0,1.3
discovered,Stittenham Hill,North York Moors & Wolds,B,60.0,1.1
discovered,The Common,North York Moors & Wolds,B,60.0,2.3
discovered,Town Road,Kent High Weald,B,60.0,1.7
discovered,"Unnamed road E of Aighton, Bailey and Chaigley",Yorkshire Dales & Moors,B,60.0,1.6
discovered,Unnamed road E of Tarrant Rawston (1),Dorset & New Forest,B,60.0,2.5
discovered,Unnamed road NE of Glanrhyd,Mid-Wales / Powys,B,60.0,2.0
discovered,Unnamed road NE of Rhyd-y-pandy,Mid-Wales / Powys,B,60.0,1.1
discovered,Unnamed road NE of Waterheads,Southern Uplands & Borders,B,60.0,4.1
discovered,Unnamed road NW of Battle (1),Brecon Beacons,B,60.0,1.3
discovered,Unnamed road NW of Llanfechan,Mid-Wales / Powys,B,60.0,2.8
discovered,Unnamed road NW of Maulds Meaburn,Yorkshire Dales & Moors,B,60.0,3.7
discovered,Unnamed road S of Low Town,Northumberland & Cheviots,B,60.0,1.9
discovered,Unnamed road SE of Chapel of Garioch,Cairngorms & Deeside,B,60.0,2.6
discovered,Walderslade Woods,Kent High Weald,B,60.0,2.1
discovered,Waltham Road,Leicestershire & Rutland,B,60.0,1.9
discovered,Wannock Road,South Downs,B,60.0,3.1
discovered,Whites Road,Lincolnshire Wolds,B,60.0,1.9
discovered,Yarburgh Road,Lincolnshire Wolds,B,60.0,4.4
discovered,A6,Lake District,B,59.9,10.9
discovered,A6105,Northumberland & Cheviots,B,59.9,11.6
discovered,A844,Argyll & the Trossachs,B,59.9,26.2
discovered,B3280,Cornwall,B,59.9,9.3
discovered,B3302,Cornwall,B,59.9,13.9
discovered,B4199,Shropshire Hills & Marches,B,59.9,1.5
discovered,B4390,Mid-Wales / Powys,B,59.9,11.6
discovered,B4401,Snowdonia,B,59.9,4.4
discovered,B5301,Southern Uplands & Borders,B,59.9,10.0
discovered,B6460,Northumberland & Cheviots,B,59.9,22.9
discovered,B795,Southern Uplands & Borders,B,59.9,14.8
discovered,B8021,Scottish Highlands,B,59.9,14.4
discovered,B8049,Argyll & the Trossachs,B,59.9,1.6
discovered,B9126,Cairngorms & Deeside,B,59.9,4.5
discovered,B9134,Cairngorms & Deeside,B,59.9,16.2
founding,Beaulieu Road New Forest,South East,B,59.9,25.8
discovered,Bethersden Road,Kent High Weald,B,59.9,8.7
discovered,Broad Dubb Road,Yorkshire Dales & Moors,B,59.9,3.1
discovered,Church Lane,East Kent,B,59.9,0.3
founding,Corhampton to Winchester B-roads,South East,B,59.9,35.2
discovered,Cromer Road,Norfolk & Suffolk,B,59.9,2.7
discovered,Deckport Cross,Dartmoor,B,59.9,4.7
discovered,Glen Road,Yorkshire Dales & Moors,B,59.9,2.0
discovered,Hope Lane,North Pennines,B,59.9,0.7
discovered,Lamb Bridge,Lake District,B,59.9,1.3
discovered,Limber Road,Lincolnshire Wolds,B,59.9,4.8
discovered,Maidenwell Lane,Lincolnshire Wolds,B,59.9,3.0
discovered,Pan Lane,North Pennines,B,59.9,1.8
discovered,Rothbury Road,Northumberland & Cheviots,B,59.9,3.2
discovered,Salt Way,Cotswolds,B,59.9,3.1
discovered,Sandway Road,Kent High Weald,B,59.9,1.7
discovered,Shovelstrode Lane,High Weald / East Sussex,B,59.9,1.4
discovered,The Ridge,Surrey Hills & North Downs,B,59.9,2.7
discovered,Unnamed road E of Temple,Cornwall,B,59.9,3.5
discovered,Unnamed road N of Dillavaird,Cairngorms & Deeside,B,59.9,10.7
discovered,Unnamed road NE of Llaethdy,Mid-Wales / Powys,B,59.9,2.1
discovered,Unnamed road NW of Elan Village (2),Mid-Wales / Powys,B,59.9,1.4
discovered,Unnamed road S of Drumbuie,Scottish Highlands,B,59.9,1.0
discovered,Unnamed road SE of Bolton (1),Northumberland & Cheviots,B,59.9,1.9
discovered,Unnamed road SE of Hexworthy,Dartmoor,B,59.9,1.0
discovered,Unnamed road SE of Turnworth,Dorset & New Forest,B,59.9,4.9
discovered,Unnamed road W of Chillaton (2),Dartmoor,B,59.9,3.0
discovered,Unnamed road W of Hethersgill (1),Southern Uplands & Borders,B,59.9,1.9
discovered,Unnamed road W of West Marton,Yorkshire Dales & Moors,B,59.9,1.5
discovered,West Road,Exmoor,B,59.9,6.9
discovered,A280,South Downs,B,59.8,6.1
discovered,A358,Exmoor,B,59.8,14.7
discovered,A395,Cornwall,B,59.8,12.1
discovered,A4251,Chilterns,B,59.8,3.5
discovered,A541,Denbigh Moors / North Wales,B,59.8,24.4
discovered,A706,Southern Uplands & Borders,B,59.8,5.5
discovered,A822,Scottish Highlands,B,59.8,17.9
founding,A838 Durness to Laxford Bridge,Scotland,B,59.8,30.1
discovered,Annington Road,South Downs,B,59.8,2.4
discovered,B1062,Norfolk & Suffolk,B,59.8,3.8
discovered,B1135,Norfolk & Suffolk,B,59.8,6.7
discovered,B1440,Norfolk & Suffolk,B,59.8,5.0
discovered,B3229,Exmoor,B,59.8,2.3
discovered,B4020,Cotswolds,B,59.8,4.4
discovered,B4084,Malverns & Herefordshire,B,59.8,1.0
discovered,B4376,Shropshire Hills & Marches,B,59.8,6.0
discovered,B4499,Mid-Wales / Powys,B,59.8,1.2
discovered,B5383,Denbigh Moors / North Wales,B,59.8,4.7
discovered,B581,Leicestershire & Rutland,B,59.8,4.0
discovered,B977,Cairngorms & Deeside,B,59.8,19.6
discovered,Back Eddisbury Road,Peak District,B,59.8,1.3
discovered,Back Road,Yorkshire Dales & Moors,B,59.8,3.1
discovered,Bolderwood Road,Dorset & New Forest,B,59.8,7.8
discovered,Bowers Lane,North Wessex Downs,B,59.8,0.5
discovered,Buckhorn Lane,Lake District,B,59.8,1.3
discovered,C10K,Cairngorms & Deeside,B,59.8,6.3
discovered,Capstone Road,Kent High Weald,B,59.8,2.8
discovered,Church Hill,Lincolnshire Wolds,B,59.8,1.8
discovered,Church Street,Yorkshire Dales & Moors,B,59.8,1.5
discovered,Common Head,Exmoor,B,59.8,7.2
discovered,Green Balk,North York Moors & Wolds,B,59.8,1.2
discovered,Harwood Dale Road,North York Moors & Wolds,B,59.8,1.8
discovered,Hubbards Hill,Kent High Weald,B,59.8,2.1
discovered,Keyham Lane East,Leicestershire & Rutland,B,59.8,1.6
discovered,Lawns Road,North York Moors & Wolds,B,59.8,2.0
discovered,Merdon Castle Lane,Dorset & New Forest,B,59.8,2.6
discovered,Newhousemill Road,Southern Uplands & Borders,B,59.8,4.2
discovered,North Street,South Downs,B,59.8,1.8
discovered,Norwich Road,Norfolk & Suffolk,B,59.8,2.9
discovered,Puttenden Road,High Weald / East Sussex,B,59.8,2.2
discovered,Rogate Road,South Downs,B,59.8,1.8
discovered,Sheep Leaze Lane,North Wessex Downs,B,59.8,2.8
discovered,Snail's Bank,Malverns & Herefordshire,B,59.8,2.4
discovered,Stodmarsh Road,Kent High Weald,B,59.8,7.1
discovered,Stowting Hill,Kent High Weald,B,59.8,1.4
discovered,Thurstaston Road,Denbigh Moors / North Wales,B,59.8,1.2
discovered,Unnamed road E of Bonehill,Dartmoor,B,59.8,2.6
discovered,Unnamed road N of Slaidburn,Yorkshire Dales & Moors,B,59.8,1.9
discovered,Unnamed road NW of Llanfihangel-tor-y-mynydd,Wye Valley & Forest of Dean,B,59.8,2.8
discovered,Unnamed road NW of Twitchen,Exmoor,B,59.8,1.5
discovered,Unnamed road S of Alnham,Northumberland & Cheviots,B,59.8,2.3
discovered,Unnamed road SE of Carloggas,Cornwall,B,59.8,2.8
discovered,Unnamed road SE of Newbridge,Scottish Highlands,B,59.8,2.5
discovered,A44,Mid-Wales / Powys,B,59.7,27.7
discovered,A46,Lincolnshire Wolds,B,59.7,22.9
discovered,A470,Mid-Wales / Powys,B,59.7,51.3
discovered,A890,Scottish Highlands,B,59.7,5.4
discovered,Auchengray Road,Southern Uplands & Borders,B,59.7,4.6
discovered,B4008,Cotswolds,B,59.7,3.8
discovered,B4202,Shropshire Hills & Marches,B,59.7,8.5
discovered,B4231,Wye Valley & Forest of Dean,B,59.7,7.1
discovered,B4348,Wye Valley & Forest of Dean,B,59.7,19.8
discovered,B4530,Shropshire Hills & Marches,B,59.7,1.3
discovered,B4580,Mid-Wales / Powys,B,59.7,2.7
discovered,B6050,Peak District,B,59.7,2.4
discovered,B733,Southern Uplands & Borders,B,59.7,15.4
discovered,B8009,Isle of Skye,B,59.7,11.5
discovered,B9164,Scottish Highlands,B,59.7,5.0
discovered,B950,Cairngorms & Deeside,B,59.7,6.0
founding,Bransdale Cockayne Loop,North Eng,B,59.7,11.6
discovered,Chapel Hill,Cornwall,B,59.7,5.2
discovered,Faseny Bridge,Berwickshire Coast,B,59.7,3.6
discovered,Ffordd y Winllan,Mid-Wales / Powys,B,59.7,3.8
discovered,Forge Way,Cornwall,B,59.7,1.3
discovered,Helwith Road,Yorkshire Dales & Moors,B,59.7,1.5
discovered,Humberhill Lane,North Pennines,B,59.7,2.7
discovered,Kerley Hill,Cornwall,B,59.7,5.1
discovered,Kingsford Road,Cairngorms & Deeside,B,59.7,1.6
discovered,Launceston Road,Dartmoor,B,59.7,2.2
discovered,Litt Hill,Mendips,B,59.7,1.0
discovered,Little Dalby Road,Leicestershire & Rutland,B,59.7,3.6
discovered,London Street,Cotswolds,B,59.7,1.5
discovered,Markfield Lane,Leicestershire & Rutland,B,59.7,1.4
discovered,Moor Lane,Dorset & New Forest,B,59.7,3.3
discovered,Muckton Road,Lincolnshire Wolds,B,59.7,6.4
discovered,Nercwys Road,Denbigh Moors / North Wales,B,59.7,4.9
discovered,Nymphayes Lane,Dartmoor,B,59.7,1.4
discovered,Oakwood Bank,North Pennines,B,59.7,0.6
discovered,Redmires Road,Peak District,B,59.7,2.0
discovered,Saint Michael's Avenue,Cotswolds,B,59.7,1.4
discovered,Salkeld Road,North Pennines,B,59.7,7.8
discovered,Tannielaggie Bridge,Southern Uplands & Borders,B,59.7,3.7
discovered,Temple Guiting Road,Cotswolds,B,59.7,7.0
discovered,Unnamed road E of Kaber,Yorkshire Dales & Moors,B,59.7,2.0
discovered,Unnamed road E of Trewalder,Cornwall,B,59.7,1.5
discovered,Unnamed road E of Wallacetown (3),Southern Uplands & Borders,B,59.7,2.5
discovered,Unnamed road N of Bairnkine,Southern Uplands & Borders,B,59.7,1.0
discovered,Unnamed road NE of Keasden,Yorkshire Dales & Moors,B,59.7,1.3
discovered,Unnamed road NW of Jackstown,Cairngorms & Deeside,B,59.7,2.0
discovered,Unnamed road NW of Knotts,Lake District,B,59.7,1.8
discovered,Unnamed road NW of Whaw (3),Yorkshire Dales & Moors,B,59.7,2.0
discovered,Unnamed road SE of Bowithick,Cornwall,B,59.7,3.0
discovered,Unnamed road SW of Bilton (2),Northumberland & Cheviots,B,59.7,1.4
discovered,Unnamed road SW of Throphill,Northumberland & Cheviots,B,59.7,1.1
discovered,Unnamed road W of Woodhouse,Northumberland & Cheviots,B,59.7,3.0
discovered,A4111,Mid-Wales / Powys,B,59.6,9.4
discovered,A420,Cotswolds,B,59.6,6.0
discovered,A6055,Yorkshire Dales & Moors,B,59.6,2.5
discovered,A6112,Berwickshire Coast,B,59.6,7.8
discovered,A687,Yorkshire Dales & Moors,B,59.6,6.2
discovered,A719,Southern Uplands & Borders,B,59.6,39.5
discovered,A855,Isle of Skye,B,59.6,49.8
discovered,Anchor Hill,Dorset & New Forest,B,59.6,1.2
discovered,B1535,Norfolk & Suffolk,B,59.6,7.5
discovered,B4219,Malverns & Herefordshire,B,59.6,2.3
discovered,B7059,Southern Uplands & Borders,B,59.6,5.5
discovered,B712,Southern Uplands & Borders,B,59.6,12.2
discovered,B7201,Southern Uplands & Borders,B,59.6,2.3
discovered,B835,Argyll & the Trossachs,B,59.6,1.6
discovered,B9127,Cairngorms & Deeside,B,59.6,4.3
discovered,B957,Cairngorms & Deeside,B,59.6,9.4
discovered,B965,Cairngorms & Deeside,B,59.6,9.7
discovered,C43a,Southern Uplands & Borders,B,59.6,4.4
discovered,Chilton Road,Chilterns,B,59.6,2.5
discovered,Cliffe Hill Road,Leicestershire & Rutland,B,59.6,1.3
discovered,Cuminestown Road,Cairngorms & Deeside,B,59.6,2.4
discovered,Ermin Street,North Wessex Downs,B,59.6,2.3
discovered,Foyle Hill,Dorset & New Forest,B,59.6,1.4
discovered,Freshfield Lane,High Weald / East Sussex,B,59.6,2.9
discovered,Greystonegill Lane,Yorkshire Dales & Moors,B,59.6,1.3
discovered,Higher Street,Dartmoor,B,59.6,3.7
discovered,Kellygreen Bridge,Cornwall,B,59.6,3.6
discovered,Keysford Lane,High Weald / East Sussex,B,59.6,2.4
discovered,Lawrence Road,Cairngorms & Deeside,B,59.6,3.4
discovered,Mains Lane,North York Moors & Wolds,B,59.6,4.0
discovered,Mansfield Road,Southern Uplands & Borders,B,59.6,5.7
discovered,Market Lane,Norfolk & Suffolk,B,59.6,1.6
discovered,Potticar Bank,North York Moors & Wolds,B,59.6,2.6
discovered,Smeatharpe Road,Exmoor,B,59.6,3.4
discovered,Smith Lane,Peak District,B,59.6,1.0
discovered,Stock Bridge,Dartmoor,B,59.6,1.5
discovered,Swanton Lane,East Kent,B,59.6,3.4
discovered,Thrupe Lane,Mendips,B,59.6,3.2
discovered,Toft Lane,Lincolnshire Wolds,B,59.6,2.6
discovered,Top Road,South Downs,B,59.6,1.5
discovered,Unnamed road E of Low Grantley,Yorkshire Dales & Moors,B,59.6,1.6
discovered,Unnamed road N of Lanehead,Northumberland & Cheviots,B,59.6,1.9
discovered,Unnamed road N of Orton,Yorkshire Dales & Moors,B,59.6,1.2
discovered,Unnamed road N of Screedy,Exmoor,B,59.6,3.1
discovered,Unnamed road NE of Killvose,Cornwall,B,59.6,1.2
discovered,Unnamed road NE of Scawton,North York Moors & Wolds,B,59.6,1.1
discovered,Unnamed road NW of Ascott-under-Wychwood,Cotswolds,B,59.6,1.2
discovered,Unnamed road NW of Farnell,Cairngorms & Deeside,B,59.6,3.8
discovered,Unnamed road NW of New Houses,Yorkshire Dales & Moors,B,59.6,3.5
discovered,Unnamed road NW of Walston,Southern Uplands & Borders,B,59.6,1.4
discovered,Unnamed road S of Cerrigydrudion (1),Snowdonia,B,59.6,2.3
discovered,Unnamed road S of Dawn,Denbigh Moors / North Wales,B,59.6,1.7
discovered,Unnamed road W of Foulsyke,Lake District,B,59.6,1.2
discovered,Warren Road,South Downs,B,59.6,2.9
discovered,West Overton Village,North Wessex Downs,B,59.6,1.6
discovered,A735,Southern Uplands & Borders,B,59.5,13.8
founding,B1135 Hethel Lotus Road,Norfolk,B,59.5,12.2
discovered,B2157,High Weald / East Sussex,B,59.5,2.2
discovered,B4361,Shropshire Hills & Marches,B,59.5,8.3
discovered,B6298,North Pennines,B,59.5,1.3
discovered,B6353,Northumberland & Cheviots,B,59.5,9.4
discovered,B7062,Southern Uplands & Borders,B,59.5,11.4
discovered,B707,Southern Uplands & Borders,B,59.5,6.5
discovered,B7076,Southern Uplands & Borders,B,59.5,28.4
discovered,B837,Argyll & the Trossachs,B,59.5,1.4
discovered,Beeby Road,Leicestershire & Rutland,B,59.5,1.9
discovered,Bleara Road,Yorkshire Dales & Moors,B,59.5,2.0
discovered,C10n,Southern Uplands & Borders,B,59.5,6.1
discovered,Carterside Road,Northumberland & Cheviots,B,59.5,5.7
discovered,Delph Lane,Forest of Bowland,B,59.5,3.5
discovered,Earlston Road,Southern Uplands & Borders,B,59.5,0.3
discovered,Edbrooke Road,Exmoor,B,59.5,2.5
discovered,Firle Road,South Downs,B,59.5,1.7
discovered,Glaisnock Road,Southern Uplands & Borders,B,59.5,2.9
discovered,Gledstone Road,Yorkshire Dales & Moors,B,59.5,3.7
discovered,Goulton Lane,North York Moors & Wolds,B,59.5,2.3
discovered,Gravelly Way,Chilterns,B,59.5,2.7
discovered,Greenside Bank,Northumberland & Cheviots,B,59.5,5.7
discovered,Hyde Heath Road,Chilterns,B,59.5,1.5
discovered,Kirkby Moor Road,Yorkshire Dales & Moors,B,59.5,1.0
discovered,Lochindorb Road,Scottish Highlands,B,59.5,8.5
discovered,New Road,Dorset & New Forest,B,59.5,4.1
discovered,Pont Melin y Person,Denbigh Moors / North Wales,B,59.5,2.5
discovered,Priors Court Road,North Wessex Downs,B,59.5,2.4
discovered,Puttenham Heath Road,Surrey Hills & North Downs,B,59.5,1.2
discovered,Restrop Road,Cotswolds,B,59.5,1.0
discovered,Salents Lane,North York Moors & Wolds,B,59.5,1.7
discovered,Trenale Lane,Cornwall,B,59.5,1.9
discovered,Unnamed road E of Llangarron (2),Wye Valley & Forest of Dean,B,59.5,2.0
discovered,Unnamed road N of Clanna,Wye Valley & Forest of Dean,B,59.5,1.7
discovered,Unnamed road N of Gilsland (5),North Pennines,B,59.5,2.7
discovered,Unnamed road N of Stalbridge Weston,Dorset & New Forest,B,59.5,2.5
discovered,Unnamed road N of Windmill (2),North Pennines,B,59.5,2.1
discovered,Unnamed road N of Woolfords,Southern Uplands & Borders,B,59.5,2.0
discovered,Unnamed road NW of Kelstern,Lincolnshire Wolds,B,59.5,2.7
discovered,Unnamed road NW of Low Wreah,Lake District,B,59.5,1.0
discovered,Unnamed road NW of New Luce (3),Southern Uplands & Borders,B,59.5,3.8
discovered,Unnamed road SE of Vernham Dean,North Wessex Downs,B,59.5,1.0
discovered,Unnamed road SW of Swanton Street,Kent High Weald,B,59.5,4.4
discovered,Wenfordbridge,Cornwall,B,59.5,1.1
discovered,A3056,Isle of Wight,B,59.4,3.0
discovered,A875,Argyll & the Trossachs,B,59.4,3.3
discovered,Addington Lane,Kent High Weald,B,59.4,1.4
discovered,B2133,South Downs,B,59.4,4.3
discovered,B2135,South Downs,B,59.4,11.4
discovered,B4229,Wye Valley & Forest of Dean,B,59.4,2.7
discovered,B4568,Mid-Wales / Powys,B,59.4,3.6
discovered,B5428,Denbigh Moors / North Wales,B,59.4,3.8
discovered,B818,Argyll & the Trossachs,B,59.4,9.0
discovered,Blakey Road,North York Moors & Wolds,B,59.4,3.7
discovered,Bridesmill Road,Argyll & the Trossachs,B,59.4,3.1
discovered,Broad Road,Mendips,B,59.4,2.6
discovered,C23n,Southern Uplands & Borders,B,59.4,9.7
discovered,Catt's Hill,Kent High Weald,B,59.4,1.4
discovered,Crowndale Road,Dartmoor,B,59.4,4.2
discovered,Fernhurst Road,South Downs,B,59.4,1.2
discovered,Ffordd Ystrad,Denbigh Moors / North Wales,B,59.4,1.9
discovered,Grimthorpe Hill,North York Moors & Wolds,B,59.4,0.4
discovered,Helton Road,Lake District,B,59.4,2.6
discovered,High Rocks Lane,High Weald / East Sussex,B,59.4,1.7
discovered,Hollow O'The Moor,Peak District,B,59.4,1.1
discovered,Main Street,Leicestershire & Rutland,B,59.4,2.9
discovered,Old Largs Road,Argyll & the Trossachs,B,59.4,11.8
discovered,Romsey Road,Dorset & New Forest,B,59.4,3.5
discovered,Salkeld Bridge,Dorset & New Forest,B,59.4,1.8
discovered,Stone's Hill,Dartmoor,B,59.4,1.0
discovered,Unnamed road E of South Carne,Cornwall,B,59.4,1.1
discovered,Unnamed road N of Askham,Lake District,B,59.4,2.9
discovered,Unnamed road N of Hebron,Northumberland & Cheviots,B,59.4,2.8
discovered,Unnamed road N of Pontsticill (1),Brecon Beacons,B,59.4,1.5
discovered,Unnamed road N of Twyford,Dorset & New Forest,B,59.4,2.0
discovered,Unnamed road S of Mithian (2),Cornwall,B,59.4,1.9
discovered,Unnamed road SE of Moor End,Chilterns,B,59.4,3.5
discovered,Unnamed road SW of Milson,Shropshire Hills & Marches,B,59.4,1.4
discovered,Unnamed road W of Hilton,North Pennines,B,59.4,1.4
discovered,Unnamed road W of Kestle (1),Cornwall,B,59.4,4.2
discovered,Unnamed road W of Millden,Cairngorms & Deeside,B,59.4,5.8
discovered,Weasenham Road,Norfolk & Suffolk,B,59.4,2.5
discovered,Woodway,Chilterns,B,59.4,1.1
discovered,A4086,Snowdonia,B,59.3,1.5
discovered,A495,Mid-Wales / Powys,B,59.3,24.3
discovered,Arundel Road,South Downs,B,59.3,1.8
discovered,B2127,Surrey Hills & North Downs,B,59.3,6.7
discovered,B4386,Mid-Wales / Powys,B,59.3,4.6
discovered,B4575,Mid-Wales / Powys,B,59.3,4.7
discovered,Bailey Bank,Yorkshire Dales & Moors,B,59.3,6.1
discovered,Beech Farm Road,Surrey Hills & North Downs,B,59.3,1.2
discovered,Bilsborrow Lane,Forest of Bowland,B,59.3,4.6
discovered,Black Brae,Southern Uplands & Borders,B,59.3,2.0
discovered,C2,Northumberland & Cheviots,B,59.3,2.9
discovered,C37n,Southern Uplands & Borders,B,59.3,6.8
discovered,Chadlington Road,Cotswolds,B,59.3,1.1
discovered,Chart Lane,Kent High Weald,B,59.3,3.9
discovered,Dalton Lane,Forest of Bowland,B,59.3,1.9
discovered,Daneway Lane,Cotswolds,B,59.3,1.3
discovered,Duncton Common Road,South Downs,B,59.3,2.3
discovered,Ecchinswell Road,North Wessex Downs,B,59.3,2.7
discovered,Edburton Road,South Downs,B,59.3,3.4
discovered,Egton Lane,North York Moors & Wolds,B,59.3,2.7
discovered,Eridge Road,High Weald / East Sussex,B,59.3,2.1
discovered,Flatts Lane,North York Moors & Wolds,B,59.3,2.3
discovered,Frittenden Road,Kent High Weald,B,59.3,3.8
discovered,Ganborough Road,Cotswolds,B,59.3,0.6
discovered,Hardisty Hill,Yorkshire Dales & Moors,B,59.3,2.2
discovered,Haven Road,South Downs,B,59.3,2.0
discovered,Hergest Road,Mid-Wales / Powys,B,59.3,6.3
discovered,Honeypot Lane,Norfolk & Suffolk,B,59.3,1.8
discovered,Hownel Lane,Exmoor,B,59.3,2.0
discovered,Jordan Lane,Dartmoor,B,59.3,2.1
discovered,Meldon Bridge,Northumberland & Cheviots,B,59.3,1.4
discovered,Mill Street,Lake District,B,59.3,2.3
discovered,Moor Lane,North York Moors & Wolds,B,59.3,5.1
discovered,Platting Road,Peak District,B,59.3,1.4
discovered,Pook Lane,South Downs,B,59.3,2.9
discovered,Selsfield Road,High Weald / East Sussex,B,59.3,2.2
discovered,Slipper Low Lane,Peak District,B,59.3,2.1
discovered,Storrs Lane,Forest of Bowland,B,59.3,2.3
discovered,Swindon Lane,Yorkshire Dales & Moors,B,59.3,3.0
discovered,The Struet,Brecon Beacons,B,59.3,1.5
discovered,Unnamed road N of Butterwick,Lake District,B,59.3,2.4
discovered,Unnamed road N of Dess,Cairngorms & Deeside,B,59.3,1.1
discovered,Unnamed road NE of Ashendon,Chilterns,B,59.3,1.6
discovered,Unnamed road NE of Reagill,North Pennines,B,59.3,1.3
discovered,Unnamed road NE of Trenance,Cornwall,B,59.3,1.9
discovered,Unnamed road NW of Bowes,Yorkshire Dales & Moors,B,59.3,1.2
discovered,Unnamed road NW of Wallacetown,Southern Uplands & Borders,B,59.3,4.5
discovered,Unnamed road S of Chittlehamholt,Exmoor,B,59.3,2.3
discovered,Unnamed road S of Portreath,Cornwall,B,59.3,1.0
discovered,Unnamed road SE of Kincaidston (1),Southern Uplands & Borders,B,59.3,1.6
discovered,Unnamed road SE of Medburn,North Pennines,B,59.3,1.0
discovered,Unnamed road SW of Ardinamir,Argyll & the Trossachs,B,59.3,6.2
discovered,Unnamed road W of Coryton,Dartmoor,B,59.3,1.8
discovered,Unnamed road W of Llanfechan,Mid-Wales / Powys,B,59.3,1.3
discovered,Unnamed road W of Lower Haxton,Exmoor,B,59.3,2.4
discovered,Unnamed road W of Tryddyn,Denbigh Moors / North Wales,B,59.3,1.9
discovered,A1104,Lincolnshire Wolds,B,59.2,2.2
discovered,A158,Lincolnshire Wolds,B,59.2,7.2
discovered,A229,Kent High Weald,B,59.2,19.3
discovered,A3021,Isle of Wight,B,59.2,1.2
discovered,A458,Shropshire Hills & Marches,B,59.2,16.2
discovered,A489,Shropshire Hills & Marches,B,59.2,13.4
discovered,A6079,North Pennines,B,59.2,5.9
discovered,A755,Southern Uplands & Borders,B,59.2,9.1
discovered,B4216,Wye Valley & Forest of Dean,B,59.2,12.9
discovered,B4233,Wye Valley & Forest of Dean,B,59.2,9.8
discovered,B8037,Argyll & the Trossachs,B,59.2,1.6
discovered,Barhatch Lane,Surrey Hills & North Downs,B,59.2,3.3
discovered,Barntown Lane,Dartmoor,B,59.2,2.3
discovered,Bifrons Hill,Kent High Weald,B,59.2,1.0
discovered,Castleacre Road,Norfolk & Suffolk,B,59.2,1.5
discovered,Chartham Downs Road,Kent High Weald,B,59.2,2.6
discovered,Cholesbury Lane,Chilterns,B,59.2,1.5
discovered,Church Drive,Wye Valley & Forest of Dean,B,59.2,2.1
discovered,Coombe Road,North Wessex Downs,B,59.2,3.6
discovered,Coopers Hill Road,Surrey Hills & North Downs,B,59.2,3.6
discovered,Craig Road,Cairngorms & Deeside,B,59.2,3.3
discovered,Downside Road,Mendips,B,59.2,2.2
discovered,Eastwood Road,Kent High Weald,B,59.2,2.2
discovered,Elmdown,North Wessex Downs,B,59.2,1.0
discovered,Gillamoor Road,North York Moors & Wolds,B,59.2,1.8
discovered,Grassyards Road,Southern Uplands & Borders,B,59.2,4.6
discovered,Limber Hill,Lincolnshire Wolds,B,59.2,1.4
discovered,Lottage Road,North Wessex Downs,B,59.2,4.3
discovered,Massingham Road,Norfolk & Suffolk,B,59.2,3.7
discovered,Oakwood Road,Shropshire Hills & Marches,B,59.2,2.2
discovered,Slaugham Lane,High Weald / East Sussex,B,59.2,2.1
discovered,Stoney Lane Hill,Exmoor,B,59.2,1.5
discovered,The Swartle,North Pennines,B,59.2,5.6
discovered,Unnamed road E of Cossacks,Cairngorms & Deeside,B,59.2,3.0
discovered,Unnamed road E of Linhope (2),Northumberland & Cheviots,B,59.2,2.2
discovered,Unnamed road E of Pengelly (3),Cornwall,B,59.2,1.9
discovered,Unnamed road N of Dalbog,Cairngorms & Deeside,B,59.2,2.1
discovered,Unnamed road NE of Coulton,North York Moors & Wolds,B,59.2,2.0
discovered,Unnamed road NE of Ivinghoe,Chilterns,B,59.2,1.0
discovered,Unnamed road NW of East Appleton,Yorkshire Dales & Moors,B,59.2,1.4
discovered,Unnamed road NW of Gilgarran,Lake District,B,59.2,3.4
discovered,Unnamed road NW of Waughton,Berwickshire Coast,B,59.2,3.5
discovered,Unnamed road SE of Pitcaple,Cairngorms & Deeside,B,59.2,1.7
discovered,Unnamed road SW of Elan Village (2),Mid-Wales / Powys,B,59.2,3.5
discovered,Unnamed road SW of Walston Braehead,Southern Uplands & Borders,B,59.2,3.5
discovered,Unnamed road W of Santon Bridge (2),Lake District,B,59.2,1.9
discovered,White Gate Road,Peak District,B,59.2,1.8
discovered,A1031,Lincolnshire Wolds,B,59.1,24.2
discovered,A148,Norfolk & Suffolk,B,59.1,11.3
discovered,A173,North York Moors & Wolds,B,59.1,1.5
discovered,A4112,Malverns & Herefordshire,B,59.1,6.9
discovered,Alkham Valley Road,Kent High Weald,B,59.1,2.1
discovered,B4405,Mid-Wales / Powys,B,59.1,15.2
discovered,B6274,North Pennines,B,59.1,3.3
discovered,B6396,Northumberland & Cheviots,B,59.1,11.8
discovered,B6398,Southern Uplands & Borders,B,59.1,3.0
discovered,B7020,Southern Uplands & Borders,B,59.1,21.7
discovered,Bentham Road,Yorkshire Dales & Moors,B,59.1,2.6
discovered,Broadway Lane,South Downs,B,59.1,2.0
discovered,Bryant's Hill,Exmoor,B,59.1,1.3
discovered,C63a,Southern Uplands & Borders,B,59.1,4.9
discovered,Coast Road,Cornwall,B,59.1,1.4
discovered,Coplow Lane,Leicestershire & Rutland,B,59.1,1.7
discovered,Cross Hands Lane,Cotswolds,B,59.1,4.2
discovered,Fifehead Hill,Dorset & New Forest,B,59.1,0.5
discovered,Greenway Lane,Wye Valley & Forest of Dean,B,59.1,1.5
discovered,Kirkby Brow,Yorkshire Dales & Moors,B,59.1,3.3
discovered,Langley Lane,North Pennines,B,59.1,4.0
discovered,Lenham Road,Kent High Weald,B,59.1,4.0
discovered,Lodge Lane,North York Moors & Wolds,B,59.1,1.5
discovered,New Road,South Downs,B,59.1,4.0
discovered,Newhaven Road,South Downs,B,59.1,3.1
discovered,Oak Hill,Kent High Weald,B,59.1,4.4
discovered,Oxnam Road,Southern Uplands & Borders,B,59.1,2.9
discovered,Park Road,Cotswolds,B,59.1,2.8
discovered,Pilgrims Way West,Kent High Weald,B,59.1,1.4
discovered,Roman Road,Kent High Weald,B,59.1,2.3
discovered,Rotten Hole,Peak District,B,59.1,0.7
discovered,Scackleton Lane,North York Moors & Wolds,B,59.1,0.3
discovered,Stoke Lane,Dorset & New Forest,B,59.1,4.0
discovered,Stonepit Lane,North York Moors & Wolds,B,59.1,2.0
discovered,The Wisp,Leicestershire & Rutland,B,59.1,2.4
discovered,Uckfield Lane,High Weald / East Sussex,B,59.1,2.2
discovered,Unnamed road N of Coln St Aldwyns,Cotswolds,B,59.1,2.4
discovered,Unnamed road N of Halton Green,Forest of Bowland,B,59.1,1.6
discovered,Unnamed road N of Rackenford,Exmoor,B,59.1,2.4
discovered,Unnamed road NW of Cerrigydrudion,Denbigh Moors / North Wales,B,59.1,2.5
discovered,Unnamed road NW of Edlingham,Northumberland & Cheviots,B,59.1,1.6
discovered,Unnamed road NW of Snitter,Northumberland & Cheviots,B,59.1,5.6
discovered,Unnamed road S of Ireby (1),Lake District,B,59.1,2.3
discovered,Unnamed road SE of Mellangoose,Cornwall,B,59.1,2.3
discovered,Unnamed road W of Fyvie,Cairngorms & Deeside,B,59.1,2.6
discovered,Unnamed road W of Kirklinton,Southern Uplands & Borders,B,59.1,4.4
discovered,A1084,Lincolnshire Wolds,B,59.0,14.8
founding,A169 Pickering to Whitby,North Eng,B,59.0,35.9
discovered,A385,Dartmoor,B,59.0,8.9
discovered,A4103,Malverns & Herefordshire,B,59.0,24.2
discovered,A828,Scottish Highlands,B,59.0,29.6
discovered,A9,Caithness & John o' Groats,B,59.0,29.0
discovered,Ardanaiseig Road,Argyll & the Trossachs,B,59.0,5.5
discovered,B1202,Lincolnshire Wolds,B,59.0,21.4
discovered,B2010,Kent High Weald,B,59.0,2.1
discovered,B3058,Dorset & New Forest,B,59.0,2.1
discovered,B6321,North Pennines,B,59.0,1.1
discovered,B9166,Scottish Highlands,B,59.0,3.0
discovered,Blowingstone Hill,North Wessex Downs,B,59.0,6.6
discovered,Burnmouth Bridge,North Pennines,B,59.0,5.5
discovered,C133n,Southern Uplands & Borders,B,59.0,2.0
discovered,C20K,Cairngorms & Deeside,B,59.0,0.3
discovered,Cemetery Road,Yorkshire Dales & Moors,B,59.0,1.5
discovered,Chepstow Road,Wye Valley & Forest of Dean,B,59.0,5.9
discovered,Coalport Road,Shropshire Hills & Marches,B,59.0,2.7
discovered,Cranbrook Road,Kent High Weald,B,59.0,5.6
discovered,Dalby Forest Drive,North York Moors & Wolds,B,59.0,6.5
discovered,Harrington Road,Lincolnshire Wolds,B,59.0,1.1
discovered,High Powburn,Northumberland & Cheviots,B,59.0,2.0
discovered,Hillhead Road,Cornwall,B,59.0,0.7
discovered,Kirk Road,Southern Uplands & Borders,B,59.0,5.5
discovered,Mearns Road,Southern Uplands & Borders,B,59.0,3.0
discovered,Otterden Road,Kent High Weald,B,59.0,3.1
discovered,Penshurst Road,High Weald / East Sussex,B,59.0,1.6
discovered,Trebarwith Road,Cornwall,B,59.0,3.5
discovered,Unnamed road N of Bargrennan,Southern Uplands & Borders,B,59.0,1.7
discovered,Unnamed road N of Over Haddon,Peak District,B,59.0,1.5
discovered,Unnamed road N of Wenmouth Cross,Cornwall,B,59.0,3.7
discovered,Unnamed road NE of Monks' Hill (2),Cairngorms & Deeside,B,59.0,7.7
discovered,Unnamed road NE of Pontneddfechan (1),Brecon Beacons,B,59.0,1.9
discovered,Unnamed road NW of Portgate,Dartmoor,B,59.0,1.5
discovered,Unnamed road SE of Netherwitton,Northumberland & Cheviots,B,59.0,4.4
discovered,Unnamed road SE of Stags Head,Exmoor,B,59.0,3.3
discovered,Unnamed road SE of Twizel Mill,Northumberland & Cheviots,B,59.0,3.1
discovered,Unnamed road W of Brightwalton (2),North Wessex Downs,B,59.0,1.3
discovered,A198,Berwickshire Coast,B,58.9,10.9
discovered,A449,Wye Valley & Forest of Dean,B,58.9,16.4
discovered,A489,Mid-Wales / Powys,B,58.9,19.3
discovered,A691,North Pennines,B,58.9,5.2
discovered,A7,Southern Uplands & Borders,B,58.9,63.5
discovered,A709,Southern Uplands & Borders,B,58.9,1.9
discovered,A82,Scottish Highlands,B,58.9,26.4
discovered,A897,Scottish Highlands,B,58.9,21.1
discovered,Abbey Lane,Shropshire Hills & Marches,B,58.9,1.9
discovered,B1292,North York Moors & Wolds,B,58.9,1.8
discovered,B1337,Northumberland & Cheviots,B,58.9,1.2
discovered,B3042,Exmoor,B,58.9,1.7
discovered,B4040,Cotswolds,B,58.9,10.1
discovered,B4394,Shropshire Hills & Marches,B,58.9,1.8
discovered,B6168,North Pennines,B,58.9,2.8
discovered,Blacklands Lane,Isle of Wight,B,58.9,1.4
discovered,Boyne's Lane,Dorset & New Forest,B,58.9,2.6
discovered,Burn Brae,Southern Uplands & Borders,B,58.9,10.8
discovered,Byers Lane,High Weald / East Sussex,B,58.9,1.8
discovered,C117s,Southern Uplands & Borders,B,58.9,18.3
discovered,Couper's Road,Cairngorms & Deeside,B,58.9,5.7
discovered,Felthorpe Road,Norfolk & Suffolk,B,58.9,1.7
discovered,Hele Road,Exmoor,B,58.9,2.4
discovered,Highworth Road,North Wessex Downs,B,58.9,2.1
discovered,Hudnall Lane,Chilterns,B,58.9,1.8
discovered,Knowsley Hill,Peak District,B,58.9,3.2
discovered,Long Dales Lane,Forest of Bowland,B,58.9,1.3
discovered,Mile Oak Road,Kent High Weald,B,58.9,1.5
discovered,Quickedge Road,Peak District,B,58.9,1.8
discovered,Rudham Road,Norfolk & Suffolk,B,58.9,3.7
discovered,Sandling Road,Kent High Weald,B,58.9,2.5
discovered,Sarsden Road,Cotswolds,B,58.9,1.2
discovered,School Lane,North Wessex Downs,B,58.9,0.4
discovered,Shieldhill Road,Southern Uplands & Borders,B,58.9,1.8
discovered,Terrington South Bank,North York Moors & Wolds,B,58.9,1.1
discovered,Unnamed road E of Phorp (2),Scottish Highlands,B,58.9,4.5
discovered,Unnamed road E of Stair,Southern Uplands & Borders,B,58.9,4.2
discovered,Unnamed road E of White Damhead (1),Northumberland & Cheviots,B,58.9,1.6
discovered,Unnamed road N of Great Rollright,Cotswolds,B,58.9,2.1
discovered,Unnamed road N of North Molton,Exmoor,B,58.9,1.2
discovered,Unnamed road NE of Braehead of Lunan,Cairngorms & Deeside,B,58.9,1.8
discovered,Unnamed road NW of Chapelton of Menmuir,Cairngorms & Deeside,B,58.9,6.3
discovered,Unnamed road S of Elsdon,Northumberland & Cheviots,B,58.9,1.6
discovered,Unnamed road SE of Bolventor (1),Cornwall,B,58.9,6.2
discovered,Unnamed road SE of Monks' Hill,Cairngorms & Deeside,B,58.9,3.3
discovered,Unnamed road SE of Saxby,Leicestershire & Rutland,B,58.9,2.5
discovered,Unnamed road SW of Knightwick (2),Malverns & Herefordshire,B,58.9,1.2
discovered,Unnamed road SW of Llanthony,Brecon Beacons,B,58.9,2.4
discovered,Unnamed road W of Crawfordjohn,Southern Uplands & Borders,B,58.9,4.9
discovered,Unnamed road W of Hampnett,Cotswolds,B,58.9,2.0
discovered,Windwhistle Lane,Dorset & New Forest,B,58.9,1.6
discovered,A456,Shropshire Hills & Marches,B,58.8,16.5
discovered,A523,Peak District,B,58.8,6.2
discovered,A606,Leicestershire & Rutland,B,58.8,5.0
discovered,A698,Northumberland & Cheviots,B,58.8,3.9
discovered,A86,Scottish Highlands,B,58.8,54.6
discovered,Appleford Road,Isle of Wight,B,58.8,2.5
discovered,B1140,Norfolk & Suffolk,B,58.8,6.5
discovered,B2036,South Downs,B,58.8,3.3
discovered,B3298,Cornwall,B,58.8,1.8
discovered,B4353,Mid-Wales / Powys,B,58.8,4.7
founding,B4368 Morville to Craven Arms,Midlands,B,58.8,28.4
discovered,B6303,North Pennines,B,58.8,2.1
discovered,B6449,Peak District,B,58.8,1.4
discovered,B786,Southern Uplands & Borders,B,58.8,1.5
discovered,B8002,Argyll & the Trossachs,B,58.8,5.5
discovered,B817,Scottish Highlands,B,58.8,10.9
discovered,B9090,Scottish Highlands,B,58.8,8.0
discovered,B9150,Scottish Highlands,B,58.8,1.2
discovered,Bowson Road,Wye Valley & Forest of Dean,B,58.8,1.8
discovered,C447,Scottish Highlands,B,58.8,10.4
discovered,Carlton Road,North York Moors & Wolds,B,58.8,4.3
discovered,Charlton Lane,Dorset & New Forest,B,58.8,0.4
discovered,Common Wood Lane,Chilterns,B,58.8,2.4
discovered,Deveral Road,Cornwall,B,58.8,2.0
discovered,Drury Lane,Yorkshire Dales & Moors,B,58.8,1.1
discovered,Egerton Road,Kent High Weald,B,58.8,1.7
discovered,Forstal Road,Kent High Weald,B,58.8,4.0
discovered,Gilnockie Bridge,Southern Uplands & Borders,B,58.8,1.3
discovered,Heath End Road,Chilterns,B,58.8,1.9
discovered,Higher Plymouth Road,Dartmoor,B,58.8,7.7
discovered,Leagate Brow,Lake District,B,58.8,4.6
discovered,Martin Drove,Dorset & New Forest,B,58.8,1.3
discovered,Merstone Lane,Isle of Wight,B,58.8,2.8
discovered,Pike Road,Cotswolds,B,58.8,1.4
discovered,Tofts Lane,Peak District,B,58.8,1.2
discovered,Unnamed road E of Kirkton,Cairngorms & Deeside,B,58.8,1.7
discovered,Unnamed road N of Blairdaff,Cairngorms & Deeside,B,58.8,3.3
discovered,Unnamed road N of Brill,Chilterns,B,58.8,1.0
discovered,Unnamed road N of Powter How,Lake District,B,58.8,1.3
discovered,Unnamed road N of Sunnylaws,Northumberland & Cheviots,B,58.8,5.0
discovered,Unnamed road N of Treworthal,Cornwall,B,58.8,1.5
discovered,Unnamed road NE of Harnham,North Pennines,B,58.8,4.5
discovered,Unnamed road NE of Ysbyty Ifan,Snowdonia,B,58.8,1.1
discovered,Unnamed road S of Stoke St Milborough,Shropshire Hills & Marches,B,58.8,1.7
discovered,Unnamed road SE of Alston,North Pennines,B,58.8,1.3
discovered,Unnamed road SE of Kings Nympton (1),Exmoor,B,58.8,3.3
discovered,Unnamed road SW of Box Bush,Wye Valley & Forest of Dean,B,58.8,2.1
discovered,Unnamed road SW of Cold Newton,Leicestershire & Rutland,B,58.8,2.4
discovered,Unnamed road SW of Roweltown,Southern Uplands & Borders,B,58.8,3.1
discovered,Unnamed road SW of Walton,North Pennines,B,58.8,2.1
discovered,Unnamed road W of Cwmyoy,Brecon Beacons,B,58.8,2.3
discovered,Unnamed road W of Llanafan,Mid-Wales / Powys,B,58.8,1.3
discovered,Unnamed road W of Zelah,Cornwall,B,58.8,2.6
discovered,Washhouse Bottom,Peak District,B,58.8,1.3
discovered,A22,Surrey Hills & North Downs,B,58.7,0.3
discovered,A4110,Shropshire Hills & Marches,B,58.7,7.9
discovered,A465,Wye Valley & Forest of Dean,B,58.7,6.8
discovered,A6071,North Pennines,B,58.7,4.2
discovered,A707,Southern Uplands & Borders,B,58.7,8.2
discovered,A745,Southern Uplands & Borders,B,58.7,7.3
discovered,A861,Scottish Highlands,B,58.7,17.2
discovered,Aylesbury Road,Chilterns,B,58.7,1.2
discovered,B4194,Shropshire Hills & Marches,B,58.7,1.8
discovered,B4350,Mid-Wales / Powys,B,58.7,4.6
discovered,B4386,Shropshire Hills & Marches,B,58.7,26.0
discovered,B4478,Brecon Beacons,B,58.7,1.7
discovered,B4567,Mid-Wales / Powys,B,58.7,9.3
discovered,B5360,Lake District,B,58.7,1.7
discovered,B6164,North York Moors & Wolds,B,58.7,7.6
discovered,B6305,North Pennines,B,58.7,12.5
discovered,Bleasedale Lane,Forest of Bowland,B,58.7,1.2
discovered,Castlerigg Road,North Pennines,B,58.7,5.0
discovered,Chains Road,Exmoor,B,58.7,2.1
discovered,Croxton Road,Leicestershire & Rutland,B,58.7,3.1
discovered,Fishey Lane,Dorset & New Forest,B,58.7,0.3
discovered,Front Street,North Pennines,B,58.7,2.5
discovered,Gear Hill,Cornwall,B,58.7,3.5
discovered,Halls Hole Road,High Weald / East Sussex,B,58.7,1.6
discovered,Heights Lane,Yorkshire Dales & Moors,B,58.7,2.2
discovered,Hollow Lane,Surrey Hills & North Downs,B,58.7,2.1
discovered,Hough Clough Lane,Forest of Bowland,B,58.7,1.2
discovered,Loddon Road,Norfolk & Suffolk,B,58.7,1.9
discovered,Nettlebed Lane,North Pennines,B,58.7,2.9
discovered,Skerricha Loop,Scottish Highlands,B,58.7,1.7
discovered,Staple Lane,Surrey Hills & North Downs,B,58.7,2.7
discovered,Tanners Lane,Dorset & New Forest,B,58.7,1.2
discovered,Unnamed road E of Lower Pollicott,Chilterns,B,58.7,2.1
discovered,Unnamed road N of Asby,Lake District,B,58.7,5.1
discovered,Unnamed road N of Howton,Brecon Beacons,B,58.7,2.2
discovered,Unnamed road N of Llanvapley,Brecon Beacons,B,58.7,3.4
discovered,Unnamed road N of Oxenwood,North Wessex Downs,B,58.7,2.3
discovered,Unnamed road NE of Hutton End (1),Lake District,B,58.7,1.4
discovered,Unnamed road NE of Snowshill,Cotswolds,B,58.7,2.3
discovered,Unnamed road NE of Winterborne Stickland,Dorset & New Forest,B,58.7,1.3
discovered,Unnamed road NW of Whaw (2),Yorkshire Dales & Moors,B,58.7,2.1
discovered,Unnamed road S of Butterwick,Lake District,B,58.7,1.2
discovered,Unnamed road S of Middle Taphouse,Cornwall,B,58.7,1.2
discovered,Unnamed road SE of Douglas Water,Southern Uplands & Borders,B,58.7,1.2
discovered,Unnamed road W of Marystow,Dartmoor,B,58.7,1.6
discovered,Whitchurch Road,Denbigh Moors / North Wales,B,58.7,2.2
discovered,Wits End,Northumberland & Cheviots,B,58.7,0.4
discovered,A275,South Downs,B,58.6,9.7
discovered,A465,Malverns & Herefordshire,B,58.6,9.7
discovered,A96,Cairngorms & Deeside,B,58.6,9.3
discovered,B1106,Norfolk & Suffolk,B,58.6,18.5
discovered,B1159,Norfolk & Suffolk,B,58.6,9.2
discovered,B1211,Lincolnshire Wolds,B,58.6,7.7
discovered,B1454,Norfolk & Suffolk,B,58.6,19.9
discovered,B1460,North York Moors & Wolds,B,58.6,1.2
discovered,B3187,Exmoor,B,58.6,1.6
discovered,B3284,Cornwall,B,58.6,7.1
discovered,B4440,Chilterns,B,58.6,1.7
discovered,B5344,Lake District,B,58.6,6.9
discovered,B745,Southern Uplands & Borders,B,58.6,3.4
discovered,B9094,Cairngorms & Deeside,B,58.6,7.4
discovered,Blackwall Road,Kent High Weald,B,58.6,0.6
discovered,Boscathnoe Lane,Cornwall,B,58.6,2.1
discovered,Bradgate Road,Leicestershire & Rutland,B,58.6,1.4
discovered,Brandsby Road,North York Moors & Wolds,B,58.6,0.9
discovered,Brimpton Lane,North Wessex Downs,B,58.6,2.3
discovered,Broad Street,North Wessex Downs,B,58.6,4.0
discovered,Buncombe Hill,Exmoor,B,58.6,2.4
discovered,C63,Scottish Highlands,B,58.6,4.9
discovered,Charity Lane,Lake District,B,58.6,2.5
discovered,East Road,Northumberland & Cheviots,B,58.6,4.0
discovered,Hampshire Hill,High Weald / East Sussex,B,58.6,1.4
discovered,Hayesden Lane,High Weald / East Sussex,B,58.6,2.0
discovered,Helwath Road,North York Moors & Wolds,B,58.6,1.5
discovered,Mill Lane,Yorkshire Dales & Moors,B,58.6,2.4
discovered,Nash Lane,South Downs,B,58.6,1.2
discovered,Oakham Road,Leicestershire & Rutland,B,58.6,1.9
discovered,Partridgeclose Mill Bridge,North Pennines,B,58.6,1.0
discovered,Pont Afon-asa,Denbigh Moors / North Wales,B,58.6,2.9
discovered,Selhurst Park Road,South Downs,B,58.6,3.5
discovered,Silcombe Hill,Exmoor,B,58.6,1.1
discovered,The Ridgeway,Kent High Weald,B,58.6,1.4
discovered,The Street,Lake District,B,58.6,0.3
discovered,Union Road,North Wessex Downs,B,58.6,1.6
discovered,Unnamed road E of Cwm Ystwyth (2),Mid-Wales / Powys,B,58.6,2.4
discovered,Unnamed road E of Lymbridge Green,Kent High Weald,B,58.6,1.4
discovered,Unnamed road E of Wardlow,Peak District,B,58.6,2.4
discovered,Unnamed road N of Ulceby,Lincolnshire Wolds,B,58.6,1.4
discovered,Unnamed road NE of Bosporthennis,Cornwall,B,58.6,2.0
discovered,Unnamed road NE of Cessford,Southern Uplands & Borders,B,58.6,2.8
discovered,Unnamed road NW of Cross Ash,Brecon Beacons,B,58.6,1.4
discovered,Unnamed road S of East Buckland,Exmoor,B,58.6,2.1
discovered,Unnamed road S of Forge,Cornwall,B,58.6,2.1
discovered,Unnamed road SE of Betws-yn-Rhos,Denbigh Moors / North Wales,B,58.6,2.0
discovered,Unnamed road SE of Hampen,Cotswolds,B,58.6,1.6
discovered,Unnamed road SE of Treyford,South Downs,B,58.6,1.4
discovered,Warren Hill,Dorset & New Forest,B,58.6,1.5
discovered,Whatcombe Lane,Dorset & New Forest,B,58.6,2.2
discovered,A1173,Lincolnshire Wolds,B,58.5,9.4
discovered,A4095,Cotswolds,B,58.5,7.2
discovered,A4304,Leicestershire & Rutland,B,58.5,10.2
discovered,A661,North York Moors & Wolds,B,58.5,9.2
discovered,A683,Yorkshire Dales & Moors,B,58.5,15.6
discovered,A827,Scottish Highlands,B,58.5,4.9
discovered,A851,Scottish Highlands,B,58.5,6.6
discovered,A947,Cairngorms & Deeside,B,58.5,14.3
discovered,B1261,North York Moors & Wolds,B,58.5,2.1
discovered,B2080,Kent High Weald,B,58.5,7.4
discovered,B3084,Dorset & New Forest,B,58.5,1.9
discovered,B4234,Wye Valley & Forest of Dean,B,58.5,4.6
discovered,B4368,Shropshire Hills & Marches,B,58.5,9.2
discovered,B4383,Shropshire Hills & Marches,B,58.5,1.7
discovered,B5291,Lake District,B,58.5,3.0
discovered,B5302,Southern Uplands & Borders,B,58.5,8.6
discovered,B720,Southern Uplands & Borders,B,58.5,2.4
discovered,B9011,Scottish Highlands,B,58.5,2.6
discovered,Blackhill Road,Southern Uplands & Borders,B,58.5,4.2
discovered,C54,Argyll & the Trossachs,B,58.5,0.3
discovered,Carman Road,Argyll & the Trossachs,B,58.5,2.2
discovered,Carr Lane,North York Moors & Wolds,B,58.5,3.0
discovered,Chillies Lane,High Weald / East Sussex,B,58.5,3.4
discovered,Churchill Road,Cotswolds,B,58.5,1.8
discovered,Creskeld Lane,Yorkshire Dales & Moors,B,58.5,2.2
discovered,Doeford Bridge,Yorkshire Dales & Moors,B,58.5,2.4
discovered,Fen Pond Road,Kent High Weald,B,58.5,2.0
discovered,Gate Farm Road,High Weald / East Sussex,B,58.5,1.1
discovered,Gilly Hill,Cornwall,B,58.5,2.5
discovered,Have's Hill,Exmoor,B,58.5,5.5
discovered,Holme Lane,Yorkshire Dales & Moors,B,58.5,1.1
discovered,Ibstone Road,Chilterns,B,58.5,2.6
discovered,Idstone Road,North Wessex Downs,B,58.5,1.0
discovered,Joseph Noble Road,Lake District,B,58.5,0.9
discovered,Kingcomb Lane,Cotswolds,B,58.5,1.6
discovered,Kirk Dale,Peak District,B,58.5,2.2
discovered,Limeburn Hill,Mendips,B,58.5,1.4
discovered,Plaistow Road,Surrey Hills & North Downs,B,58.5,2.5
discovered,Poverty Lane,Lincolnshire Wolds,B,58.5,2.0
discovered,Sawley Road,Yorkshire Dales & Moors,B,58.5,1.0
discovered,Settle Lane,Yorkshire Dales & Moors,B,58.5,3.5
discovered,Staplers Road,Isle of Wight,B,58.5,1.5
discovered,Station Road,North Wessex Downs,B,58.5,1.1
discovered,Stockley Lane,North Pennines,B,58.5,4.6
discovered,Unnamed road E of Haydon Bridge (3),North Pennines,B,58.5,1.3
discovered,Unnamed road E of High Dale Park,Lake District,B,58.5,2.7
discovered,Unnamed road E of Ystradfellte,Brecon Beacons,B,58.5,2.0
discovered,Unnamed road N of Callaly (1),Northumberland & Cheviots,B,58.5,1.1
discovered,Unnamed road NE of Anick,North Pennines,B,58.5,1.4
discovered,Unnamed road NE of Thoresway,Lincolnshire Wolds,B,58.5,1.6
discovered,Unnamed road NW of Disserth,Mid-Wales / Powys,B,58.5,1.3
discovered,Unnamed road SE of Angarrack,Cornwall,B,58.5,1.1
discovered,Unnamed road SE of Leadgate,North Pennines,B,58.5,3.1
discovered,Unnamed road SE of Talywern,Mid-Wales / Powys,B,58.5,4.3
discovered,Unnamed road SW of Cefngorwydd,Brecon Beacons,B,58.5,2.9
discovered,Unnamed road SW of Gussage All Saints,Dorset & New Forest,B,58.5,5.4
discovered,Unnamed road W of Alwinton (2),Northumberland & Cheviots,B,58.5,1.8
discovered,Wath Lane,Yorkshire Dales & Moors,B,58.5,4.9
discovered,Well Lane,North York Moors & Wolds,B,58.5,1.0
discovered,Wycombe Road,Chilterns,B,58.5,2.6
discovered,A2037,South Downs,B,58.4,7.6
founding,A6 Glenshane Pass,N. Ireland,B,58.4,10.2
discovered,A6105,Southern Uplands & Borders,B,58.4,17.6
discovered,A67,North Pennines,B,58.4,2.5
discovered,Ashford Hill Road,North Wessex Downs,B,58.4,4.0
discovered,Asterby Lane,Lincolnshire Wolds,B,58.4,1.4
discovered,B1108,Norfolk & Suffolk,B,58.4,35.4
discovered,B3072,Dorset & New Forest,B,58.4,1.5
discovered,B6369,Berwickshire Coast,B,58.4,3.8
discovered,Biggins Lane,Forest of Bowland,B,58.4,1.9
discovered,Bimbury Lane,Kent High Weald,B,58.4,1.5
discovered,C102a,Southern Uplands & Borders,B,58.4,7.8
discovered,Church Road,Brecon Beacons,B,58.4,2.9
discovered,Coverham Lane,Yorkshire Dales & Moors,B,58.4,5.3
discovered,Crowood Lane,North Wessex Downs,B,58.4,1.9
discovered,East Marden Road,South Downs,B,58.4,1.2
discovered,Gardener's Lane,North Wessex Downs,B,58.4,2.6
discovered,Grove Road,High Weald / East Sussex,B,58.4,2.3
discovered,Gweek Drive,Cornwall,B,58.4,2.9
discovered,Hanley Lane,Wye Valley & Forest of Dean,B,58.4,1.2
discovered,Hannington Road,North Wessex Downs,B,58.4,2.7
discovered,Hawkley Road,South Downs,B,58.4,2.1
discovered,Higher Shaftesbury Road,Dorset & New Forest,B,58.4,3.7
discovered,Holeyn Hall Road,North Pennines,B,58.4,1.5
discovered,Ilsley Road,North Wessex Downs,B,58.4,1.8
discovered,Knockdown Road,Cotswolds,B,58.4,1.6
discovered,Knossington Road,Leicestershire & Rutland,B,58.4,1.2
discovered,Langton Road,Leicestershire & Rutland,B,58.4,2.8
discovered,Leicester Road,Leicestershire & Rutland,B,58.4,1.5
discovered,Long Rake,Peak District,B,58.4,4.5
discovered,Lowmoor Lane,Lincolnshire Wolds,B,58.4,0.4
discovered,Nanpantan Road,Leicestershire & Rutland,B,58.4,1.6
discovered,Percy Cross Rigg,North York Moors & Wolds,B,58.4,0.8
discovered,Philpots Lane,High Weald / East Sussex,B,58.4,1.2
discovered,Pursers Lane,Surrey Hills & North Downs,B,58.4,1.4
discovered,Saunders Avenue,North Pennines,B,58.4,4.8
discovered,Sleights Lane,North York Moors & Wolds,B,58.4,2.5
discovered,Swithland Road,Leicestershire & Rutland,B,58.4,1.4
discovered,Unnamed road E of Gwytherin (2),Denbigh Moors / North Wales,B,58.4,5.0
discovered,Unnamed road N of Bwlch-y-ffridd,Mid-Wales / Powys,B,58.4,2.7
discovered,Unnamed road N of Carno (2),Mid-Wales / Powys,B,58.4,3.7
discovered,Unnamed road NW of Bruachmary,Scottish Highlands,B,58.4,5.3
discovered,Unnamed road S of Fasachapple,Scottish Highlands,B,58.4,3.8
discovered,Unnamed road S of Garthbrengy,Brecon Beacons,B,58.4,4.2
discovered,Unnamed road SE of Forge (2),Mid-Wales / Powys,B,58.4,2.3
discovered,Unnamed road SW of Withywinds,Dartmoor,B,58.4,2.8
discovered,Unnamed road W of Brockleymoor,Lake District,B,58.4,2.2
discovered,Woolhope Road,Wye Valley & Forest of Dean,B,58.4,5.6
discovered,A5151,Denbigh Moors / North Wales,B,58.3,12.3
discovered,A619,Peak District,B,58.3,2.1
discovered,A933,Cairngorms & Deeside,B,58.3,16.5
discovered,Aldern Bridge,North Wessex Downs,B,58.3,2.3
discovered,B4696,Cotswolds,B,58.3,15.1
discovered,B5467,Forest of Bowland,B,58.3,3.2
discovered,B6260,North Pennines,B,58.3,4.8
discovered,B6470,Northumberland & Cheviots,B,58.3,5.2
discovered,B832,Argyll & the Trossachs,B,58.3,2.6
discovered,B9022,Cairngorms & Deeside,B,58.3,6.0
discovered,Beacon Road,Northumberland & Cheviots,B,58.3,1.3
discovered,Bigmore Lane,Chilterns,B,58.3,2.4
discovered,Blairhall Road,Southern Uplands & Borders,B,58.3,1.9
discovered,Bugshill Lane,South Downs,B,58.3,2.5
discovered,C19K,Cairngorms & Deeside,B,58.3,5.8
discovered,C46a,Southern Uplands & Borders,B,58.3,1.2
discovered,Chearsley Road,Chilterns,B,58.3,1.6
discovered,Combe Road,Cotswolds,B,58.3,1.2
discovered,Eccup Lane,Yorkshire Dales & Moors,B,58.3,4.7
discovered,Gorecock Lane,North Pennines,B,58.3,1.6
discovered,Groby Lane,Leicestershire & Rutland,B,58.3,1.3
discovered,Hainton Road,Lincolnshire Wolds,B,58.3,1.3
discovered,Holly Bush Lane,Malverns & Herefordshire,B,58.3,7.6
discovered,Hope Lane,Kent High Weald,B,58.3,1.4
discovered,Hunstanton Road,Norfolk & Suffolk,B,58.3,2.1
discovered,Knight's Hill,South Downs,B,58.3,2.3
discovered,Lightwood Lane,Malverns & Herefordshire,B,58.3,1.4
discovered,Low Lane,Yorkshire Dales & Moors,B,58.3,3.0
discovered,Mill Road,Norfolk & Suffolk,B,58.3,1.2
discovered,Ockeridge Lane,Malverns & Herefordshire,B,58.3,0.7
discovered,Pleck Hill,Dorset & New Forest,B,58.3,2.7
founding,R344 Inagh Valley,Ireland (RoI),B,58.3,14.8
discovered,Rocks Road,South Downs,B,58.3,1.6
discovered,Saint Hill Road,High Weald / East Sussex,B,58.3,1.1
discovered,Sandy Lane,Exmoor,B,58.3,1.8
discovered,Slanting Hill,North Wessex Downs,B,58.3,1.5
discovered,Southwick Road,South Downs,B,58.3,3.1
discovered,Teston Road,Kent High Weald,B,58.3,3.6
discovered,U1,Southern Uplands & Borders,B,58.3,2.2
discovered,Unnamed road E of Bronaber (2),Snowdonia,B,58.3,2.1
discovered,Unnamed road E of Ffair-rhos (2),Mid-Wales / Powys,B,58.3,1.2
discovered,Unnamed road E of Tregulland,Cornwall,B,58.3,1.8
discovered,Unnamed road N of Crook,Lake District,B,58.3,2.0
discovered,Unnamed road NE of Bockleton,Malverns & Herefordshire,B,58.3,1.7
discovered,Unnamed road NE of Netherwitton,Northumberland & Cheviots,B,58.3,5.4
discovered,Unnamed road NW of Dykeside,Cairngorms & Deeside,B,58.3,10.1
discovered,Unnamed road NW of Halfdavoch,Scottish Highlands,B,58.3,2.1
discovered,Unnamed road S of Capel Trisant (1),Mid-Wales / Powys,B,58.3,4.1
discovered,Unnamed road S of Castleton of Eassie (2),Cairngorms & Deeside,B,58.3,2.4
discovered,Unnamed road SE of Hetton Steads (2),Northumberland & Cheviots,B,58.3,3.0
discovered,Unnamed road SE of Twynholm (1),Southern Uplands & Borders,B,58.3,2.2
discovered,Unnamed road SW of Bigrigg,Lake District,B,58.3,1.7
discovered,Unnamed road W of Brightwalton (1),North Wessex Downs,B,58.3,4.7
discovered,Unnamed road W of Kames,Northumberland & Cheviots,B,58.3,1.4
discovered,Unnamed road W of Pont Meredydd,Denbigh Moors / North Wales,B,58.3,2.9
discovered,Weston Mill Drive,Dartmoor,B,58.3,1.2
discovered,A3083,Cornwall,B,58.2,10.5
discovered,A87,Isle of Skye,B,58.2,33.7
discovered,B3296,Cornwall,B,58.2,1.3
discovered,B4477,Cotswolds,B,58.2,7.4
discovered,B4560,Brecon Beacons,B,58.2,7.3
discovered,B5061,Shropshire Hills & Marches,B,58.2,8.5
discovered,B6403,Leicestershire & Rutland,B,58.2,7.0
discovered,B669,Leicestershire & Rutland,B,58.2,2.4
discovered,Barns Ness Terrace,Berwickshire Coast,B,58.2,4.1
discovered,Batham Gate Road,Peak District,B,58.2,2.2
discovered,Benenden Road,Kent High Weald,B,58.2,2.1
discovered,Elham Valley Road,Kent High Weald,B,58.2,5.2
discovered,Ewrin Lane,Peak District,B,58.2,1.4
discovered,Fen Road,Norfolk & Suffolk,B,58.2,0.6
discovered,Gammaton Road,Exmoor,B,58.2,5.9
discovered,High Road,Surrey Hills & North Downs,B,58.2,4.5
discovered,Hollin Lane,Peak District,B,58.2,4.1
discovered,Kex Gill Road,Yorkshire Dales & Moors,B,58.2,1.3
discovered,Limekilnburn Road,Southern Uplands & Borders,B,58.2,2.4
discovered,Marches Road,Surrey Hills & North Downs,B,58.2,2.6
discovered,Melton Road,Norfolk & Suffolk,B,58.2,1.1
discovered,Romansleigh Ridge,Exmoor,B,58.2,0.3
discovered,Sarn Helen,Mid-Wales / Powys,B,58.2,0.3
discovered,Scrub Lane,Lincolnshire Wolds,B,58.2,0.8
discovered,St. Julian Road,Kent High Weald,B,58.2,1.8
discovered,Stonyheap Lane,North Pennines,B,58.2,1.6
discovered,Unnamed road E of Bont-dolgadfan,Mid-Wales / Powys,B,58.2,3.1
discovered,Unnamed road E of Ottinge,Kent High Weald,B,58.2,1.3
discovered,Unnamed road E of Trenance,Cornwall,B,58.2,3.0
discovered,Unnamed road N of Scarcewater,Cornwall,B,58.2,3.5
discovered,Unnamed road N of Yarde,Exmoor,B,58.2,1.2
discovered,Unnamed road NE of Duirinish,Scottish Highlands,B,58.2,1.2
discovered,Unnamed road NE of Egton,North York Moors & Wolds,B,58.2,1.9
discovered,Unnamed road NE of Frinsted,Kent High Weald,B,58.2,1.5
discovered,Unnamed road NE of Gosforth,Lake District,B,58.2,2.4
discovered,Unnamed road NE of Sydenham Damerel (2),Dartmoor,B,58.2,1.5
discovered,Unnamed road NW of Clickham,Lake District,B,58.2,1.7
discovered,Unnamed road NW of Pandy-rhiw-Saeson (2),Mid-Wales / Powys,B,58.2,4.4
discovered,Unnamed road NW of Rothley,Northumberland & Cheviots,B,58.2,2.5
discovered,Unnamed road S of Lydford,Dartmoor,B,58.2,1.1
discovered,Unnamed road SE of Braeintra,Scottish Highlands,B,58.2,1.4
discovered,Unnamed road SW of Broughton Moor,Lake District,B,58.2,1.7
discovered,Unnamed road SW of Cyffylliog (2),Denbigh Moors / North Wales,B,58.2,3.5
discovered,Unnamed road W of Brisco,Southern Uplands & Borders,B,58.2,1.2
discovered,Unnamed road W of Flex,Southern Uplands & Borders,B,58.2,1.3
discovered,Unnamed road W of Llangernyw (1),Denbigh Moors / North Wales,B,58.2,3.0
discovered,Vanpost Hill,Exmoor,B,58.2,0.8
discovered,Wishanger Lane,Cotswolds,B,58.2,0.6
discovered,A264,South Downs,B,58.1,1.7
discovered,A265,Kent High Weald,B,58.1,5.7
discovered,A28,Kent High Weald,B,58.1,8.9
discovered,A3090,Dorset & New Forest,B,58.1,4.3
discovered,A47,Leicestershire & Rutland,B,58.1,3.4
discovered,A818,Argyll & the Trossachs,B,58.1,6.3
discovered,A848,Scottish Highlands,B,58.1,9.5
discovered,Auldbar Road,Cairngorms & Deeside,B,58.1,12.5
discovered,B1134,Norfolk & Suffolk,B,58.1,9.8
discovered,B1448,North York Moors & Wolds,B,58.1,1.4
discovered,B1527,Norfolk & Suffolk,B,58.1,9.8
discovered,B2046,East Kent,B,58.1,3.6
founding,B4232 Jubilee Drive (Malvern Hills),Midlands,B,58.1,7.0
discovered,B4349,Wye Valley & Forest of Dean,B,58.1,7.0
discovered,B4406,Snowdonia,B,58.1,3.9
discovered,B6143,Yorkshire Dales & Moors,B,58.1,2.6
discovered,B6265,North York Moors & Wolds,B,58.1,6.0
discovered,B6404,Southern Uplands & Borders,B,58.1,8.6
discovered,B6456,Southern Uplands & Borders,B,58.1,16.0
discovered,B7082,Southern Uplands & Borders,B,58.1,1.4
discovered,B731,Southern Uplands & Borders,B,58.1,1.9
discovered,Brunton Bank,Yorkshire Dales & Moors,B,58.1,1.1
discovered,Busby Lane,North York Moors & Wolds,B,58.1,3.6
discovered,C79a,Southern Uplands & Borders,B,58.1,12.3
discovered,Carlton Road,Leicestershire & Rutland,B,58.1,2.2
discovered,Castle Hill,Dartmoor,B,58.1,0.7
discovered,Charterpath Bridge,Northumberland & Cheviots,B,58.1,0.4
discovered,Grey Mare Hill,North Pennines,B,58.1,4.0
discovered,High House Lane,Northumberland & Cheviots,B,58.1,1.9
discovered,High Road,Dorset & New Forest,B,58.1,2.8
discovered,Lealholm Lane,North York Moors & Wolds,B,58.1,1.9
discovered,Long Lane,Norfolk & Suffolk,B,58.1,2.1
discovered,Northlands Road,Surrey Hills & North Downs,B,58.1,1.8
discovered,Offerton Lane,Malverns & Herefordshire,B,58.1,1.8
discovered,Old Coach Road,Cornwall,B,58.1,4.1
discovered,Pitcot Lane,Mendips,B,58.1,2.1
discovered,Poadmarsh Hill,Exmoor,B,58.1,1.3
discovered,Priest Bank,Berwickshire Coast,B,58.1,0.5
discovered,Rabies Heath Road,High Weald / East Sussex,B,58.1,2.4
discovered,Spelmonden Road,Kent High Weald,B,58.1,2.6
discovered,Stanegate,North Pennines,B,58.1,12.1
discovered,Unnamed road E of Middlesknowes,Southern Uplands & Borders,B,58.1,1.6
discovered,Unnamed road E of Polkelly,Southern Uplands & Borders,B,58.1,3.1
discovered,Unnamed road N of Burnbank,Northumberland & Cheviots,B,58.1,3.6
discovered,Unnamed road N of Milson,Shropshire Hills & Marches,B,58.1,3.1
discovered,Unnamed road NE of Calroust,Northumberland & Cheviots,B,58.1,2.1
discovered,Unnamed road NE of Craobh Haven,Argyll & the Trossachs,B,58.1,1.6
discovered,Unnamed road NE of Fron Green (2),Mid-Wales / Powys,B,58.1,1.0
discovered,Unnamed road NW of Bodiam,Kent High Weald,B,58.1,1.6
discovered,Unnamed road NW of Eshton,Yorkshire Dales & Moors,B,58.1,1.5
discovered,Unnamed road NW of Millpool,Cornwall,B,58.1,1.3
discovered,Unnamed road S of Flixton,North York Moors & Wolds,B,58.1,2.3
discovered,Unnamed road S of Tranwell,North Pennines,B,58.1,1.0
discovered,Unnamed road SE of Bridekirk,Lake District,B,58.1,1.3
discovered,Unnamed road SW of Ram Alley,North Wessex Downs,B,58.1,2.6
discovered,Unnamed road W of Branxton Buildings,Northumberland & Cheviots,B,58.1,1.2
discovered,Unnamed road W of Hamstead Marshall,North Wessex Downs,B,58.1,1.3
discovered,Unnamed road W of Ingleigh Green,Dartmoor,B,58.1,3.7
discovered,Unnamed road W of Pinmore,Southern Uplands & Borders,B,58.1,7.6
discovered,Well Street,North Wessex Downs,B,58.1,0.8
discovered,Whitcombe Road,Isle of Wight,B,58.1,2.3
founding,A4169 Much Wenlock (RW),Shropshire,B,58.0,11.0
discovered,A480,Wye Valley & Forest of Dean,B,58.0,14.1
discovered,A710,Southern Uplands & Borders,B,58.0,9.1
discovered,A761,Argyll & the Trossachs,B,58.0,8.8
discovered,B1111,Norfolk & Suffolk,B,58.0,7.6
discovered,B1355,Norfolk & Suffolk,B,58.0,14.6
discovered,B3130,Mendips,B,58.0,5.5
discovered,B4449,Cotswolds,B,58.0,14.3
discovered,B5306,Lake District,B,58.0,4.0
discovered,B6252,Yorkshire Dales & Moors,B,58.0,3.2
discovered,B8003,Argyll & the Trossachs,B,58.0,2.7
discovered,B884,Isle of Skye,B,58.0,14.9
discovered,B9101,Scottish Highlands,B,58.0,2.9
discovered,Back Lane,Forest of Bowland,B,58.0,1.4
discovered,Bookham Lane,Dorset & New Forest,B,58.0,2.2
discovered,C18n,Southern Uplands & Borders,B,58.0,2.8
discovered,C6,Argyll & the Trossachs,B,58.0,7.6
discovered,Common Hill,North Wessex Downs,B,58.0,3.2
discovered,Eastbridge Road,Kent High Weald,B,58.0,4.2
discovered,Edge Lane,North Pennines,B,58.0,2.3
discovered,Farden Lane,Shropshire Hills & Marches,B,58.0,1.5
discovered,Featherbed Lane,North York Moors & Wolds,B,58.0,2.8
discovered,Green Lane,Surrey Hills & North Downs,B,58.0,1.3
discovered,Gypsy Lane,Brecon Beacons,B,58.0,1.5
discovered,Ham Hill,Exmoor,B,58.0,6.2
discovered,Hedgerley Lane,Chilterns,B,58.0,2.6
discovered,Lindridge Lane,Leicestershire & Rutland,B,58.0,2.5
discovered,Little Chart Road,Kent High Weald,B,58.0,1.2
discovered,Lodge Hill,Norfolk & Suffolk,B,58.0,1.1
discovered,Old Greenock Road,Argyll & the Trossachs,B,58.0,2.9
discovered,Oldshoremore,Scottish Highlands,B,58.0,2.3
discovered,Redlish Road,Yorkshire Dales & Moors,B,58.0,4.1
discovered,Telegraph Lane,Shropshire Hills & Marches,B,58.0,3.6
discovered,Tubbon Hill,Cornwall,B,58.0,2.4
discovered,Unnamed road E of Rhuallt,Denbigh Moors / North Wales,B,58.0,1.9
discovered,Unnamed road NE of Gilsland (2),North Pennines,B,58.0,1.1
discovered,Unnamed road NW of Ascreavie,Cairngorms & Deeside,B,58.0,3.0
discovered,Unnamed road NW of Dean Prior,Dartmoor,B,58.0,1.6
discovered,Unnamed road NW of Great Rollright,Cotswolds,B,58.0,1.9
discovered,Unnamed road S of Gifford,Berwickshire Coast,B,58.0,2.3
discovered,Unnamed road SE of Bolventor (2),Cornwall,B,58.0,3.3
discovered,Unnamed road SW of Invercreran (1),Scottish Highlands,B,58.0,5.3
discovered,Unnamed road SW of The Borough,Dorset & New Forest,B,58.0,1.9
discovered,A24,Surrey Hills & North Downs,B,57.9,6.4
discovered,B3340,Isle of Wight,B,57.9,1.1
discovered,B4407,Denbigh Moors / North Wales,B,57.9,6.8
discovered,B6271,North York Moors & Wolds,B,57.9,4.6
discovered,B785,Southern Uplands & Borders,B,57.9,4.4
discovered,C11s,Southern Uplands & Borders,B,57.9,2.4
discovered,Craigs Road,Southern Uplands & Borders,B,57.9,3.0
discovered,Crayke Lane,North York Moors & Wolds,B,57.9,1.9
discovered,Diddybones Lane,South Downs,B,57.9,2.0
discovered,Dog In The Lane,Shropshire Hills & Marches,B,57.9,2.9
discovered,Eartham Road,South Downs,B,57.9,1.9
discovered,Eynsham Road,Cotswolds,B,57.9,1.3
discovered,Ford Lane,Kent High Weald,B,57.9,2.0
discovered,Graffham Common Road,South Downs,B,57.9,2.5
discovered,Hangman's Stone Lane,North Wessex Downs,B,57.9,5.3
discovered,Houghton Lane,South Downs,B,57.9,1.9
discovered,Kiln Lane,North Pennines,B,57.9,0.5
discovered,Kings Mill Lane,Surrey Hills & North Downs,B,57.9,2.1
discovered,Lane Head Road,Peak District,B,57.9,1.5
discovered,Lead Lane,North Pennines,B,57.9,1.1
discovered,Long Gate,Yorkshire Dales & Moors,B,57.9,1.3
discovered,Oak Lane,High Weald / East Sussex,B,57.9,1.6
discovered,Picket Plain Common,Dorset & New Forest,B,57.9,2.0
discovered,Pitchford Bridge,Shropshire Hills & Marches,B,57.9,2.5
discovered,Reading Road,North Wessex Downs,B,57.9,1.3
discovered,Rock Road,South Downs,B,57.9,2.9
discovered,Sanatorium Road,Cotswolds,B,57.9,1.1
discovered,Stan Hill,High Weald / East Sussex,B,57.9,2.9
discovered,Suffield Hill,North York Moors & Wolds,B,57.9,2.3
discovered,Unnamed road E of Pantersbridge,Cornwall,B,57.9,1.1
discovered,Unnamed road E of Tallentire,Lake District,B,57.9,4.4
discovered,Unnamed road N of Elsdon,Northumberland & Cheviots,B,57.9,1.8
discovered,Unnamed road N of Shilbottle,Northumberland & Cheviots,B,57.9,1.5
discovered,Unnamed road N of Thrushelton (1),Dartmoor,B,57.9,1.9
discovered,Unnamed road NE of Bullinghope,Wye Valley & Forest of Dean,B,57.9,1.0
discovered,Unnamed road NE of Soar (2),Denbigh Moors / North Wales,B,57.9,1.3
discovered,Unnamed road NW of Pentre Saron,Denbigh Moors / North Wales,B,57.9,1.1
discovered,Unnamed road NW of Pinwherrie Farm,Southern Uplands & Borders,B,57.9,8.5
discovered,Unnamed road SE of Gartmore,Argyll & the Trossachs,B,57.9,1.4
discovered,Unnamed road SE of Osmotherley (2),North York Moors & Wolds,B,57.9,1.4
discovered,Unnamed road SE of Sydenham Damerel,Dartmoor,B,57.9,1.2
discovered,Unnamed road SW of Agglethorpe,Yorkshire Dales & Moors,B,57.9,3.0
discovered,Unnamed road SW of Pilton,Leicestershire & Rutland,B,57.9,1.5
discovered,Unnamed road SW of Smyrton,Southern Uplands & Borders,B,57.9,1.6
discovered,Unnamed road W of Bottom,Cairngorms & Deeside,B,57.9,3.0
discovered,Unnamed road W of Llanfihangel Rhydieithon,Mid-Wales / Powys,B,57.9,1.5
discovered,Unnamed road W of Wern (2),Brecon Beacons,B,57.9,6.1
discovered,Watery Lane,Kent High Weald,B,57.9,2.5
discovered,A329,North Wessex Downs,B,57.8,4.6
discovered,A493,Mid-Wales / Powys,B,57.8,3.7
discovered,A949,Scottish Highlands,B,57.8,15.5
discovered,B388,Surrey Hills & North Downs,B,57.8,1.9
discovered,B4024,Wye Valley & Forest of Dean,B,57.8,4.2
discovered,B5062,Shropshire Hills & Marches,B,57.8,8.1
discovered,B763,Argyll & the Trossachs,B,57.8,1.5
discovered,B8057,Scottish Highlands,B,57.8,13.2
discovered,B966,Cairngorms & Deeside,B,57.8,20.7
discovered,Black Lane,Dorset & New Forest,B,57.8,2.5
discovered,Burton Road,Yorkshire Dales & Moors,B,57.8,2.4
discovered,Crowhurst Lane,Surrey Hills & North Downs,B,57.8,2.3
discovered,Fakenham Road,Norfolk & Suffolk,B,57.8,8.4
discovered,Honor End Lane,Chilterns,B,57.8,1.5
discovered,Hotchberry Brow,Lake District,B,57.8,2.9
discovered,Kennel Hill,East Kent,B,57.8,1.3
discovered,Lambourn Road,North Wessex Downs,B,57.8,5.5
discovered,London Road,Leicestershire & Rutland,B,57.8,2.7
discovered,Penhallow Close,Cornwall,B,57.8,6.8
discovered,Sawpit Road,Kent High Weald,B,57.8,1.3
discovered,Shiloh Road,Peak District,B,57.8,1.2
discovered,Treadwheel Road,South Downs,B,57.8,1.8
discovered,Unnamed road N of Lyneham,Cotswolds,B,57.8,2.8
discovered,Unnamed road NE of Fern,Cairngorms & Deeside,B,57.8,5.8
discovered,Unnamed road NE of Halgoss,Cornwall,B,57.8,1.3
discovered,Unnamed road NE of Rackenford,Exmoor,B,57.8,3.1
discovered,Unnamed road NW of Charcott,High Weald / East Sussex,B,57.8,2.6
discovered,Unnamed road NW of Darren,Brecon Beacons,B,57.8,2.2
discovered,Unnamed road NW of East Learmouth,Northumberland & Cheviots,B,57.8,1.1
discovered,Unnamed road NW of Juniper,North Pennines,B,57.8,5.3
discovered,Unnamed road NW of Stenton,Berwickshire Coast,B,57.8,1.4
discovered,Unnamed road S of Great Marlborough (2),Brecon Beacons,B,57.8,7.1
discovered,Unnamed road SE of Crieff Terrace,Cairngorms & Deeside,B,57.8,4.9
discovered,Unnamed road SE of Laithes (2),Lake District,B,57.8,1.2
discovered,Unnamed road SE of Stennack (1),Cornwall,B,57.8,2.0
discovered,Unnamed road SW of Gallin (1),Scottish Highlands,B,57.8,3.9
discovered,Unnamed road SW of West Knowle (1),Exmoor,B,57.8,2.2
discovered,Unnamed road W of Cholwell,Mendips,B,57.8,2.0
discovered,Unnamed road W of Coombe (1),Cornwall,B,57.8,1.7
discovered,Unnamed road W of Llidiardau (2),Snowdonia,B,57.8,3.3
discovered,Unnamed road W of Trehaddle,Cornwall,B,57.8,2.3
discovered,A40,Brecon Beacons,B,57.7,13.2
discovered,Aldington Road,Kent High Weald,B,57.7,1.7
discovered,B9039,Scottish Highlands,B,57.7,7.2
discovered,C19a,Southern Uplands & Borders,B,57.7,2.1
discovered,Church Road,Cairngorms & Deeside,B,57.7,2.9
discovered,Church Street,Dorset & New Forest,B,57.7,3.1
discovered,Combe Hill,Exmoor,B,57.7,2.5
discovered,Common Road,South Downs,B,57.7,2.5
discovered,Craigmaddie Road,Argyll & the Trossachs,B,57.7,3.1
discovered,Davids Lane,Dartmoor,B,57.7,1.2
discovered,Flintron Brow,Forest of Bowland,B,57.7,0.4
discovered,High Hill Lane,Yorkshire Dales & Moors,B,57.7,2.2
discovered,High Street,North York Moors & Wolds,B,57.7,3.6
discovered,Knockbain Road,Scottish Highlands,B,57.7,0.3
discovered,Langley Lane,Forest of Bowland,B,57.7,5.3
discovered,Nanny Goat Lane,Yorkshire Dales & Moors,B,57.7,0.4
discovered,Pearsons Green Road,Kent High Weald,B,57.7,3.0
discovered,Pittendriech Road,Cairngorms & Deeside,B,57.7,3.0
discovered,Pluckley Road,Kent High Weald,B,57.7,1.0
discovered,Poldhu Road,Cornwall,B,57.7,1.3
discovered,Pont Uchel Bach,Denbigh Moors / North Wales,B,57.7,1.0
discovered,Rotherfield Lane,High Weald / East Sussex,B,57.7,1.5
discovered,Ryedown Lane,Dorset & New Forest,B,57.7,3.2
discovered,Scurragh House Lane,Yorkshire Dales & Moors,B,57.7,2.7
discovered,Station Road,Northumberland & Cheviots,B,57.7,3.7
discovered,Station Road,Cotswolds,B,57.7,1.0
discovered,Sutterby Lane,Lincolnshire Wolds,B,57.7,3.9
discovered,Thornton Road,Yorkshire Dales & Moors,B,57.7,2.6
discovered,Top Hill,Cornwall,B,57.7,5.3
discovered,Unnamed road E of Upper Larriston,Southern Uplands & Borders,B,57.7,1.8
discovered,Unnamed road N of Alehousehillock,Cairngorms & Deeside,B,57.7,1.5
discovered,Unnamed road NE of Burwarton,Shropshire Hills & Marches,B,57.7,1.5
discovered,Unnamed road NE of Great Hampden,Chilterns,B,57.7,1.2
discovered,Unnamed road off B976 (3),Cairngorms & Deeside,B,57.7,3.5
discovered,Unnamed road S of Embo Street,Scottish Highlands,B,57.7,1.1
discovered,Unnamed road S of Hele,Dartmoor,B,57.7,1.3
discovered,Unnamed road SE of Redesmouth (3),North Pennines,B,57.7,1.5
discovered,Unnamed road SE of Sapperton,Cotswolds,B,57.7,1.0
discovered,Unnamed road SW of Lambriggan,Cornwall,B,57.7,1.4
discovered,Unnamed road W of Linside (2),Scottish Highlands,B,57.7,4.2
discovered,Winterbourne Road,North Wessex Downs,B,57.7,2.8
discovered,Yatts Road,North York Moors & Wolds,B,57.7,5.7
discovered,Yew Tree Lane,North Wessex Downs,B,57.7,0.9
discovered,A4077,Brecon Beacons,B,57.6,5.0
discovered,A6,Forest of Bowland,B,57.6,6.8
discovered,A6070,Forest of Bowland,B,57.6,1.9
discovered,A95,Scottish Highlands,B,57.6,4.3
discovered,Barbondale Road,Yorkshire Dales & Moors,B,57.6,4.7
discovered,Blackburn Bridge,Northumberland & Cheviots,B,57.6,2.3
discovered,Chartway Street,Kent High Weald,B,57.6,3.2
discovered,Clint Bank Lane,Yorkshire Dales & Moors,B,57.6,1.1
discovered,Coalpit Lane,Kent High Weald,B,57.6,1.9
discovered,Coffintree Hill,Dartmoor,B,57.6,2.3
discovered,Cornbrough Road,North York Moors & Wolds,B,57.6,2.1
discovered,Craven's Hill,North York Moors & Wolds,B,57.6,1.2
discovered,Crud Yr Awel,Denbigh Moors / North Wales,B,57.6,6.1
discovered,Dere Street,Northumberland & Cheviots,B,57.6,5.3
discovered,Faygate Lane,Surrey Hills & North Downs,B,57.6,2.9
discovered,Godolphin Bridge,Cornwall,B,57.6,1.0
discovered,Grinkle Lane,North York Moors & Wolds,B,57.6,5.9
discovered,Gurlyn Hill,Cornwall,B,57.6,1.3
discovered,Haw Lane,Chilterns,B,57.6,1.9
discovered,Margrove Road,North York Moors & Wolds,B,57.6,1.9
discovered,Nemphlar Moor Road,Southern Uplands & Borders,B,57.6,3.3
discovered,Ovington Lane,Yorkshire Dales & Moors,B,57.6,2.1
discovered,Piper Gate,North Pennines,B,57.6,1.9
discovered,Rowlands Lane,Isle of Wight,B,57.6,3.7
discovered,Sires Hill,North Wessex Downs,B,57.6,4.2
discovered,St. James's Place,Cairngorms & Deeside,B,57.6,2.3
discovered,Stockerston Lane,Leicestershire & Rutland,B,57.6,3.7
discovered,UC26,Argyll & the Trossachs,B,57.6,4.1
discovered,Unnamed road N of Dalton,North Pennines,B,57.6,2.2
discovered,Unnamed road N of Quarr,Dorset & New Forest,B,57.6,2.4
discovered,Unnamed road NE of Brandon,Northumberland & Cheviots,B,57.6,2.0
discovered,Unnamed road NW of Bellingham,North Pennines,B,57.6,4.7
discovered,Unnamed road NW of Cairnie,Cairngorms & Deeside,B,57.6,3.2
discovered,Unnamed road SE of Bwlch-y-Sarnau,Mid-Wales / Powys,B,57.6,1.9
discovered,Unnamed road SE of Spring Farm,Mendips,B,57.6,1.8
discovered,Unnamed road SW of Avonwick,Dartmoor,B,57.6,2.5
discovered,Unnamed road SW of Little Downs,Cornwall,B,57.6,3.5
discovered,Unnamed road SW of Merkadale,Isle of Skye,B,57.6,2.5
discovered,Unnamed road SW of Norbury,Shropshire Hills & Marches,B,57.6,4.8
discovered,Unnamed road SW of Wallacetown,Southern Uplands & Borders,B,57.6,1.2
discovered,Unnamed road W of North Quilkoe,Cairngorms & Deeside,B,57.6,3.0
discovered,Wilton Lane,North York Moors & Wolds,B,57.6,1.7
discovered,A2033,Kent High Weald,B,57.5,1.3
discovered,A29,Surrey Hills & North Downs,B,57.5,9.9
discovered,A616,Peak District,B,57.5,2.8
discovered,A76,Southern Uplands & Borders,B,57.5,5.0
discovered,A926,Cairngorms & Deeside,B,57.5,8.5
discovered,B1439,Norfolk & Suffolk,B,57.5,3.0
discovered,B4211,Cotswolds,B,57.5,15.8
discovered,B6173,North Pennines,B,57.5,3.4
discovered,Campden Road,Cotswolds,B,57.5,1.2
discovered,Corker Lane,Peak District,B,57.5,1.3
discovered,Goldwell Lane,Kent High Weald,B,57.5,1.4
discovered,Honeypot Lane,High Weald / East Sussex,B,57.5,1.2
discovered,Hyatts Wood Road,Mendips,B,57.5,1.7
discovered,Kellet Lane,Forest of Bowland,B,57.5,1.7
discovered,Kemsing Road,Kent High Weald,B,57.5,3.4
discovered,Kingston Road,Southern Uplands & Borders,B,57.5,11.5
discovered,Lockeridge Dene,North Wessex Downs,B,57.5,1.9
discovered,Pilgrims' Way,Kent High Weald,B,57.5,3.3
discovered,Ramsdell Road,North Wessex Downs,B,57.5,1.5
discovered,Rock Brow,Yorkshire Dales & Moors,B,57.5,2.0
discovered,Spithurst Road,South Downs,B,57.5,3.7
discovered,St Day Road,Cornwall,B,57.5,2.3
discovered,Station Road,Southern Uplands & Borders,B,57.5,8.5
discovered,The Street,Kent High Weald,B,57.5,4.8
discovered,Thornley Lane,North Pennines,B,57.5,1.7
discovered,Town's Knap,Dorset & New Forest,B,57.5,4.6
discovered,Unnamed road E of Beanley,Northumberland & Cheviots,B,57.5,4.0
discovered,Unnamed road N of Kirkwhelpington,Northumberland & Cheviots,B,57.5,3.6
discovered,Unnamed road NE of Letcombe Regis,North Wessex Downs,B,57.5,1.1
discovered,Unnamed road NE of Middletown,Mid-Wales / Powys,B,57.5,4.4
discovered,Unnamed road NW of Achnasaul,Scottish Highlands,B,57.5,4.0
discovered,Unnamed road NW of Hernis,Cornwall,B,57.5,2.7
discovered,Unnamed road NW of Hutton End (2),Lake District,B,57.5,8.1
discovered,Unnamed road NW of Kilbirnie,Southern Uplands & Borders,B,57.5,1.1
discovered,Unnamed road NW of Talskiddy,Cornwall,B,57.5,3.4
discovered,Unnamed road S of Gaer-llwyd (1),Wye Valley & Forest of Dean,B,57.5,2.9
discovered,Unnamed road S of Glassonby,North Pennines,B,57.5,1.8
discovered,Unnamed road S of Tifty,Cairngorms & Deeside,B,57.5,2.1
discovered,Unnamed road SE of Brooks (1),Mid-Wales / Powys,B,57.5,7.5
discovered,Unnamed road SE of Bryneglwys,Denbigh Moors / North Wales,B,57.5,3.1
discovered,Unnamed road SW of Hessilhead,Southern Uplands & Borders,B,57.5,3.4
discovered,Unnamed road W of Chittlehampton (2),Exmoor,B,57.5,1.6
discovered,Unnamed road W of Crockernwell,Dartmoor,B,57.5,1.5
discovered,Unnamed road W of Lower Lydbrook,Wye Valley & Forest of Dean,B,57.5,1.8
discovered,Unnamed road W of Upton Cross,Cornwall,B,57.5,1.1
discovered,Wagtail Lane,North Pennines,B,57.5,1.8
discovered,Whiteford Road,Cairngorms & Deeside,B,57.5,3.2
discovered,Whittingham Road,Northumberland & Cheviots,B,57.5,2.4
discovered,A39,Cornwall,B,57.4,4.4
discovered,A494,Mid-Wales / Powys,B,57.4,8.2
discovered,B367,Surrey Hills & North Downs,B,57.4,2.0
discovered,B6315,North Pennines,B,57.4,7.5
discovered,Bank Lane,Yorkshire Dales & Moors,B,57.4,1.2
discovered,Brackenthwaite Lane,Yorkshire Dales & Moors,B,57.4,3.4
discovered,Burnt House Lane,Isle of Wight,B,57.4,3.2
discovered,C502,Scottish Highlands,B,57.4,4.6
discovered,C8s,Southern Uplands & Borders,B,57.4,10.0
discovered,Clarendon Road,Dorset & New Forest,B,57.4,1.3
discovered,Cobham Road,Surrey Hills & North Downs,B,57.4,3.0
discovered,Coldharbour Road,Kent High Weald,B,57.4,3.8
discovered,Cuckoo Bridge,Mid-Wales / Powys,B,57.4,5.3
discovered,Elm Park Road,North Pennines,B,57.4,1.4
discovered,Firestone Copse Road,Isle of Wight,B,57.4,2.0
discovered,Glapthorn Road,Leicestershire & Rutland,B,57.4,4.4
discovered,Hargill,Yorkshire Dales & Moors,B,57.4,1.3
discovered,Hen Toe Bridge,Berwickshire Coast,B,57.4,1.9
discovered,Main Lane,Cotswolds,B,57.4,4.8
discovered,Middycar Bank,Yorkshire Dales & Moors,B,57.4,2.1
discovered,New Road Hill,North Wessex Downs,B,57.4,1.9
discovered,Newland Road,Wye Valley & Forest of Dean,B,57.4,1.8
discovered,Pagans Hill,Mendips,B,57.4,1.4
discovered,Peekmill Bridge,Dartmoor,B,57.4,1.6
discovered,Unnamed road E of Boveridge,Dorset & New Forest,B,57.4,1.1
discovered,Unnamed road E of Langshaw,Southern Uplands & Borders,B,57.4,4.7
discovered,Unnamed road N of Bridge Sollers (1),Brecon Beacons,B,57.4,1.2
discovered,Unnamed road NE of Crosby Garrett,Yorkshire Dales & Moors,B,57.4,1.7
discovered,Unnamed road NE of Cwmsymlog (3),Mid-Wales / Powys,B,57.4,2.0
discovered,Unnamed road NE of Thornley with Wheatley,Yorkshire Dales & Moors,B,57.4,2.6
discovered,Unnamed road NW of Hendre (3),Denbigh Moors / North Wales,B,57.4,2.0
discovered,Unnamed road NW of Kilmuir (2),Scottish Highlands,B,57.4,2.7
discovered,Unnamed road NW of Ponthen,Shropshire Hills & Marches,B,57.4,3.5
discovered,Unnamed road S of Cleddon,Wye Valley & Forest of Dean,B,57.4,2.6
discovered,Unnamed road S of Hamstead Marshall,North Wessex Downs,B,57.4,3.1
discovered,Unnamed road SE of Inverfarigaig,Scottish Highlands,B,57.4,1.4
discovered,Unnamed road SE of Llanddewi Ystradenni (2),Mid-Wales / Powys,B,57.4,1.9
discovered,Unnamed road SW of Filleigh (2),Exmoor,B,57.4,1.7
discovered,Unnamed road W of Blackhills,Scottish Highlands,B,57.4,3.2
discovered,Unnamed road W of Frith Common,Shropshire Hills & Marches,B,57.4,4.5
discovered,Unnamed road W of Scalebyhill,Southern Uplands & Borders,B,57.4,3.4
discovered,Wood Lane,Norfolk & Suffolk,B,57.4,1.6
discovered,A3075,Cornwall,B,57.3,6.8
discovered,A5,Shropshire Hills & Marches,B,57.3,2.9
discovered,A697,Northumberland & Cheviots,B,57.3,11.5
discovered,B4403,Snowdonia,B,57.3,8.5
discovered,B4636,Malverns & Herefordshire,B,57.3,1.5
discovered,Biorraid,Scottish Highlands,B,57.3,7.0
discovered,Bishoper,Cotswolds,B,57.3,0.8
discovered,Bissom Road,Cornwall,B,57.3,1.6
discovered,Bloch to Mossknowe,Southern Uplands & Borders,B,57.3,7.1
discovered,Broomilees Road,Southern Uplands & Borders,B,57.3,2.5
discovered,Buscot Hill,North Wessex Downs,B,57.3,1.4
discovered,Cam High Road,Yorkshire Dales & Moors,B,57.3,4.6
discovered,Catterick Lane,Yorkshire Dales & Moors,B,57.3,3.8
discovered,Ermin Way,North Wessex Downs,B,57.3,2.6
discovered,Ffordd-Y-Llan,Denbigh Moors / North Wales,B,57.3,1.5
discovered,Greengate Lane,North Pennines,B,57.3,1.4
discovered,Lees Road,Peak District,B,57.3,1.2
discovered,Lethen Road,Scottish Highlands,B,57.3,2.5
discovered,Liskeard Hill,Cornwall,B,57.3,0.8
discovered,Lunan Bridge,Cairngorms & Deeside,B,57.3,0.8
discovered,Minster Riding,Cotswolds,B,57.3,2.3
discovered,Morwick Road,Northumberland & Cheviots,B,57.3,4.1
discovered,New Launceston Road,Dartmoor,B,57.3,4.2
discovered,New Road,Kent High Weald,B,57.3,1.9
discovered,Park Road,North Pennines,B,57.3,3.6
discovered,Park Road,South Downs,B,57.3,2.5
discovered,Pound Lane,South Downs,B,57.3,1.7
discovered,Sands' Lane,Dorset & New Forest,B,57.3,1.5
discovered,Shambles Lane,North York Moors & Wolds,B,57.3,1.2
discovered,Shootersway,Chilterns,B,57.3,1.3
discovered,Swannywell Hill,Dartmoor,B,57.3,1.5
discovered,Thursford Road,Norfolk & Suffolk,B,57.3,1.5
discovered,Topleigh Road,South Downs,B,57.3,1.4
discovered,U3386,Scottish Highlands,B,57.3,2.5
discovered,Unnamed road N of Wexcombe,North Wessex Downs,B,57.3,1.6
discovered,Unnamed road NE of Piperhill,Scottish Highlands,B,57.3,1.7
discovered,Unnamed road NW of Earlston,Southern Uplands & Borders,B,57.3,1.8
discovered,Unnamed road NW of Llangernyw,Denbigh Moors / North Wales,B,57.3,2.5
discovered,Unnamed road S of Epwell,Cotswolds,B,57.3,1.1
discovered,Unnamed road S of Gayles,Yorkshire Dales & Moors,B,57.3,1.1
discovered,Unnamed road S of Maybole (2),Southern Uplands & Borders,B,57.3,1.4
discovered,Unnamed road SE of Cononsyth,Cairngorms & Deeside,B,57.3,3.5
discovered,Unnamed road SE of Deepdale,Yorkshire Dales & Moors,B,57.3,1.4
discovered,Unnamed road SE of Mutehill,Southern Uplands & Borders,B,57.3,3.9
discovered,Unnamed road SE of Stainforth,Yorkshire Dales & Moors,B,57.3,1.4
discovered,Unnamed road SW of Towngate,North Pennines,B,57.3,1.8
discovered,Unnamed road W of Bryneglwys,Denbigh Moors / North Wales,B,57.3,1.4
discovered,Unnamed road W of Luggate,Berwickshire Coast,B,57.3,3.3
discovered,Unnamed road W of Trefeglwys,Mid-Wales / Powys,B,57.3,3.9
discovered,A928,Cairngorms & Deeside,B,57.2,6.8
discovered,Bakestonedale Road,Peak District,B,57.2,3.6
discovered,Beggarmans Road,Yorkshire Dales & Moors,B,57.2,3.9
discovered,Blickling Road,Norfolk & Suffolk,B,57.2,6.0
discovered,Cut Throat Lane,Wye Valley & Forest of Dean,B,57.2,8.2
discovered,Darley Road,Yorkshire Dales & Moors,B,57.2,1.9
discovered,East Langdon Road,East Kent,B,57.2,1.3
discovered,Farnley Park,Yorkshire Dales & Moors,B,57.2,1.9
discovered,Harringworth Road,Leicestershire & Rutland,B,57.2,1.7
discovered,Heblands Bank,Shropshire Hills & Marches,B,57.2,1.8
discovered,Mork Road,Wye Valley & Forest of Dean,B,57.2,1.2
discovered,Newbiggen Lane,North Pennines,B,57.2,2.6
discovered,Philpots Lane,Kent High Weald,B,57.2,0.5
discovered,Phlashetts Lane,Yorkshire Dales & Moors,B,57.2,2.5
discovered,Plompton Road,North York Moors & Wolds,B,57.2,1.5
discovered,Scirmidge Lane,Shropshire Hills & Marches,B,57.2,1.2
discovered,Scowles Road,Wye Valley & Forest of Dean,B,57.2,1.5
discovered,Scriffen Lane,Forest of Bowland,B,57.2,1.5
discovered,Spott Road,Berwickshire Coast,B,57.2,1.4
discovered,Tyne Bridge,Northumberland & Cheviots,B,57.2,1.9
discovered,Unnamed road E of Drumclune,Cairngorms & Deeside,B,57.2,2.4
discovered,Unnamed road E of Treguddick,Cornwall,B,57.2,1.8
discovered,Unnamed road N of Brock Mill,Forest of Bowland,B,57.2,1.4
discovered,Unnamed road N of Tolvan,Cornwall,B,57.2,2.0
discovered,Unnamed road W of Cashlie,Scottish Highlands,B,57.2,2.5
discovered,West Lane,Isle of Wight,B,57.2,1.6
discovered,Whahouse Bridge,Lake District,B,57.2,2.8
discovered,A597,Lake District,B,57.1,1.4
discovered,B1340,Northumberland & Cheviots,B,57.1,1.5
discovered,B5435,Denbigh Moors / North Wales,B,57.1,2.9
discovered,Barcusclose Lane,North Pennines,B,57.1,1.0
discovered,Chalkpit Farm Road,North Wessex Downs,B,57.1,2.8
discovered,Coldharbour Lane,Surrey Hills & North Downs,B,57.1,2.6
discovered,Crayke Road,North York Moors & Wolds,B,57.1,2.6
discovered,Ensfield Road,High Weald / East Sussex,B,57.1,2.5
discovered,Golding Lane,South Downs,B,57.1,1.1
discovered,Hubbards Hill,High Weald / East Sussex,B,57.1,1.0
discovered,Hundith Hill Road,Lake District,B,57.1,0.7
discovered,Oad Street,Kent High Weald,B,57.1,1.8
discovered,Old Ashburton Road,Dartmoor,B,57.1,2.2
discovered,Oxenturn Road,Kent High Weald,B,57.1,3.3
discovered,Plumpton Road,South Downs,B,57.1,1.4
discovered,Shrub Lane,Kent High Weald,B,57.1,2.1
discovered,Silver Hill,North Pennines,B,57.1,0.6
discovered,Silver Moor Lane,Mendips,B,57.1,2.8
discovered,Sloop Lane,High Weald / East Sussex,B,57.1,2.0
discovered,The Street,Norfolk & Suffolk,B,57.1,3.3
discovered,Ulgham Lane,Northumberland & Cheviots,B,57.1,0.8
discovered,Unnamed road E of Bowmonthill,Northumberland & Cheviots,B,57.1,6.6
discovered,Unnamed road E of Hallaze,Cornwall,B,57.1,1.2
discovered,Unnamed road N of Huntlyhill,Cairngorms & Deeside,B,57.1,1.2
discovered,Unnamed road N of St Michael Caerhays (1),Cornwall,B,57.1,1.2
discovered,Unnamed road NE of Pentrecelyn,Denbigh Moors / North Wales,B,57.1,1.3
discovered,Unnamed road NW of Asterby,Lincolnshire Wolds,B,57.1,1.0
discovered,Unnamed road NW of Bugle,Cornwall,B,57.1,1.2
discovered,Unnamed road NW of Tremail,Cornwall,B,57.1,1.2
discovered,Unnamed road SE of Clashmore,Scottish Highlands,B,57.1,2.2
discovered,Unnamed road SE of Drebley,Yorkshire Dales & Moors,B,57.1,2.0
discovered,Unnamed road SE of Kinloch Hourn (3),Scottish Highlands,B,57.1,2.8
discovered,Unnamed road SE of Whitebridge (2),Scottish Highlands,B,57.1,1.9
discovered,Unnamed road SW of Bellingham (1),North Pennines,B,57.1,4.9
discovered,Unnamed road SW of Hepburn,Northumberland & Cheviots,B,57.1,8.1
discovered,Unnamed road SW of St Lawrence,Cornwall,B,57.1,1.3
discovered,Unnamed road W of Earsdon,Northumberland & Cheviots,B,57.1,1.4
discovered,Well Bank,North Pennines,B,57.1,1.6
discovered,Wellingham Road,Norfolk & Suffolk,B,57.1,4.1
discovered,West Raynham Road,Norfolk & Suffolk,B,57.1,1.6
discovered,Wildham Lane,South Downs,B,57.1,5.3
discovered,Yatesfield Road,Northumberland & Cheviots,B,57.1,3.6
discovered,Abbey Barn Lane,Chilterns,B,57.0,1.4
discovered,B4398,Mid-Wales / Powys,B,57.0,1.4
discovered,B4634,Cotswolds,B,57.0,3.8
discovered,Birch Lane,Dartmoor,B,57.0,3.1
discovered,Bunny Lane,High Weald / East Sussex,B,57.0,2.0
discovered,Burrill Road,Yorkshire Dales & Moors,B,57.0,3.6
discovered,Camps Road,Southern Uplands & Borders,B,57.0,5.1
discovered,Cley Road,Norfolk & Suffolk,B,57.0,1.6
discovered,Copyhold Lane,High Weald / East Sussex,B,57.0,1.4
discovered,Docker Lane,Forest of Bowland,B,57.0,5.9
discovered,Follifoot Lane,Yorkshire Dales & Moors,B,57.0,2.1
discovered,Headcorn Road,Kent High Weald,B,57.0,1.5
discovered,High Leir Lane,North York Moors & Wolds,B,57.0,2.1
discovered,Hinders Lane,Wye Valley & Forest of Dean,B,57.0,1.3
discovered,Kelling Road,Norfolk & Suffolk,B,57.0,2.1
discovered,Lyth Bank,Shropshire Hills & Marches,B,57.0,1.6
discovered,Market Flat Lane,North York Moors & Wolds,B,57.0,2.2
discovered,North Lane,Cornwall,B,57.0,1.9
discovered,Unnamed road E of Kingford,Exmoor,B,57.0,1.3
discovered,Unnamed road N of Ednam East Mill,Northumberland & Cheviots,B,57.0,2.8
discovered,Unnamed road N of Stonegate,North York Moors & Wolds,B,57.0,1.6
discovered,Unnamed road NE of Ferneyhill,Southern Uplands & Borders,B,57.0,2.8
discovered,Unnamed road S of Corntown,Scottish Highlands,B,57.0,1.7
discovered,Unnamed road S of Crawknowe,Southern Uplands & Borders,B,57.0,2.1
discovered,Unnamed road S of Llan-y-wern,Brecon Beacons,B,57.0,1.8
discovered,Unnamed road SW of Abbeycwmhir,Mid-Wales / Powys,B,57.0,1.3
discovered,Unnamed road SW of Achnandarach,Scottish Highlands,B,57.0,3.4
discovered,Unnamed road SW of Truscott,Cornwall,B,57.0,1.5
discovered,York Road,North York Moors & Wolds,B,57.0,2.9
discovered,A811,Argyll & the Trossachs,B,56.9,4.3
discovered,B4352,Wye Valley & Forest of Dean,B,56.9,3.9
discovered,Broomers Hill Lane,South Downs,B,56.9,2.4
discovered,C110n,Southern Uplands & Borders,B,56.9,3.5
discovered,East Road,Yorkshire Dales & Moors,B,56.9,1.7
discovered,Ffordd Babell,Denbigh Moors / North Wales,B,56.9,7.2
discovered,Fore Street,Dartmoor,B,56.9,1.8
discovered,Grange Road,Southern Uplands & Borders,B,56.9,5.6
discovered,Highfield Lane,Lincolnshire Wolds,B,56.9,1.8
discovered,Jubilee Road,Cornwall,B,56.9,1.6
discovered,Southrepps Road,Norfolk & Suffolk,B,56.9,1.2
discovered,Stainforth Lane,Yorkshire Dales & Moors,B,56.9,1.8
discovered,Staplefield Lane,South Downs,B,56.9,0.6
discovered,Unnamed road E of Adfa,Mid-Wales / Powys,B,56.9,5.2
discovered,Unnamed road E of Hungerstone,Wye Valley & Forest of Dean,B,56.9,1.9
discovered,Unnamed road NE of Bolton (1),Northumberland & Cheviots,B,56.9,1.5
discovered,Unnamed road NE of Llanfyllin,Mid-Wales / Powys,B,56.9,3.4
discovered,Unnamed road NW of Abergwesyn (4),Mid-Wales / Powys,B,56.9,1.2
discovered,Unnamed road S of Dufton,North Pennines,B,56.9,1.3
discovered,Unnamed road SW of Beaford (1),Exmoor,B,56.9,2.0
discovered,Unnamed road SW of Gilsland (1),North Pennines,B,56.9,1.5
discovered,Unnamed road W of Wormald Green,Yorkshire Dales & Moors,B,56.9,1.1
discovered,Woodgate Road,Leicestershire & Rutland,B,56.9,1.4
discovered,Appledore Road,Kent High Weald,B,56.8,1.7
discovered,B4213,Cotswolds,B,56.8,9.3
discovered,B758,Southern Uplands & Borders,B,56.8,1.7
discovered,Bottomdale Road,Forest of Bowland,B,56.8,2.1
discovered,Bridgelands Road,Southern Uplands & Borders,B,56.8,0.3
discovered,C65a,Southern Uplands & Borders,B,56.8,11.2
discovered,Careless House Lane,Yorkshire Dales & Moors,B,56.8,1.8
discovered,Dobinson's Lane,North Pennines,B,56.8,3.5
discovered,Elm Brow,Yorkshire Dales & Moors,B,56.8,1.8
discovered,Fairheath Road,Yorkshire Dales & Moors,B,56.8,1.4
discovered,Flemington Road,Southern Uplands & Borders,B,56.8,2.3
discovered,Hillis Gate Road,Isle of Wight,B,56.8,1.1
discovered,Lowton Road,Exmoor,B,56.8,5.6
discovered,Maplehurst Road,South Downs,B,56.8,1.7
discovered,New Road,Malverns & Herefordshire,B,56.8,3.5
discovered,North Hall Lane,High Weald / East Sussex,B,56.8,2.3
discovered,Potkiln Lane,Chilterns,B,56.8,1.5
discovered,Slingsby Bank,North York Moors & Wolds,B,56.8,3.3
discovered,Strensham Road,Cotswolds,B,56.8,3.7
discovered,Unnamed road N of Campfield,Northumberland & Cheviots,B,56.8,1.1
discovered,Unnamed road N of Derwen (2),Denbigh Moors / North Wales,B,56.8,3.8
discovered,Unnamed road N of Ganthorpe,North York Moors & Wolds,B,56.8,3.3
discovered,Unnamed road NE of Middleton,Northumberland & Cheviots,B,56.8,1.5
discovered,Unnamed road S of Cwm-brwyno,Mid-Wales / Powys,B,56.8,4.2
discovered,Unnamed road SE of Butterstone,Scottish Highlands,B,56.8,3.9
discovered,Unnamed road SW of Grove End,Kent High Weald,B,56.8,1.7
discovered,Unnamed road W of Chapel Amble,Cornwall,B,56.8,3.3
discovered,Unnamed road W of Tirabad (2),Brecon Beacons,B,56.8,1.0
discovered,Unnamed road W of Week,Exmoor,B,56.8,4.0
discovered,Upper Hook Road,Cotswolds,B,56.8,2.2
discovered,Watery Lane,North Wessex Downs,B,56.8,1.1
discovered,Wittersham Road,Kent High Weald,B,56.8,3.3
discovered,A264,Surrey Hills & North Downs,B,56.7,2.2
discovered,A508,Leicestershire & Rutland,B,56.7,1.8
discovered,A6003,Leicestershire & Rutland,B,56.7,1.7
discovered,Akeld Steads Bridge,Northumberland & Cheviots,B,56.7,1.2
discovered,Ardtalnaig Pier Road,Scottish Highlands,B,56.7,7.3
discovered,Briscoe Road,Lake District,B,56.7,3.2
discovered,C105a,Southern Uplands & Borders,B,56.7,2.4
discovered,C113n,Southern Uplands & Borders,B,56.7,5.2
discovered,C57,Argyll & the Trossachs,B,56.7,3.9
discovered,Chequers Inn Road,Isle of Wight,B,56.7,1.1
discovered,Down Ampney Road,Cotswolds,B,56.7,1.6
discovered,Gate Bridge Road,Yorkshire Dales & Moors,B,56.7,2.1
discovered,Grays Road,Surrey Hills & North Downs,B,56.7,2.5
discovered,Hard Gate,Yorkshire Dales & Moors,B,56.7,1.0
discovered,Jenkins Lane,Chilterns,B,56.7,1.1
discovered,Leicester Lane,Leicestershire & Rutland,B,56.7,1.8
discovered,New Lane,Yorkshire Dales & Moors,B,56.7,1.1
discovered,Oake Road,Exmoor,B,56.7,2.5
discovered,Sigston Bridge,North York Moors & Wolds,B,56.7,2.2
discovered,Slaidburn Road,Yorkshire Dales & Moors,B,56.7,1.3
discovered,Stanway Road,Cotswolds,B,56.7,0.4
discovered,Station Approach,South Downs,B,56.7,1.9
discovered,Terry's Lodge Road,Kent High Weald,B,56.7,1.2
discovered,Townend Road,Southern Uplands & Borders,B,56.7,6.0
discovered,Unnamed road E of Achnasaul,Scottish Highlands,B,56.7,2.2
discovered,Unnamed road E of Lamonby,Lake District,B,56.7,1.4
discovered,Unnamed road N of Betws-yn-Rhos,Denbigh Moors / North Wales,B,56.7,1.3
discovered,Unnamed road N of Cornelly,Cornwall,B,56.7,1.3
discovered,Unnamed road NE of Week,Exmoor,B,56.7,1.3
discovered,Unnamed road S of Airton,Yorkshire Dales & Moors,B,56.7,1.1
discovered,Unnamed road S of Frithelstock,Exmoor,B,56.7,2.3
discovered,Unnamed road SE of Birdbush (2),Dorset & New Forest,B,56.7,2.0
discovered,Unnamed road SE of Coombe (2),Cornwall,B,56.7,1.6
discovered,Whitford Road,Denbigh Moors / North Wales,B,56.7,3.0
discovered,A320,Surrey Hills & North Downs,B,56.6,1.2
founding,B1225 Caistor to Horncastle,Lincs,B,56.6,32.0
discovered,B2128,Surrey Hills & North Downs,B,56.6,8.1
discovered,B4084,Cotswolds,B,56.6,4.0
discovered,B833,Argyll & the Trossachs,B,56.6,8.7
discovered,Blagdon Hill,Exmoor,B,56.6,3.3
discovered,Bourne Road,Cotswolds,B,56.6,2.4
discovered,Chilverton Lane,Dartmoor,B,56.6,1.9
discovered,Copse Hill Road,Cotswolds,B,56.6,0.3
discovered,Devonside Road,Southern Uplands & Borders,B,56.6,2.4
discovered,Docking Road,Norfolk & Suffolk,B,56.6,4.2
discovered,Ealy Hill,Cotswolds,B,56.6,1.5
discovered,Esperley Lane,North Pennines,B,56.6,2.1
discovered,Ford Street,Exmoor,B,56.6,3.2
discovered,Foss Road,Scottish Highlands,B,56.6,3.8
discovered,Gracious Lane,Kent High Weald,B,56.6,1.8
discovered,Haggs Road,Yorkshire Dales & Moors,B,56.6,3.4
discovered,High Hamstead Lane,South Downs,B,56.6,1.3
discovered,Highwood Lane,Isle of Wight,B,56.6,1.3
discovered,Hoath Road,Kent High Weald,B,56.6,3.1
discovered,Jobbers Lane,Dorset & New Forest,B,56.6,1.7
discovered,Kirkby Road,Yorkshire Dales & Moors,B,56.6,5.2
discovered,Malham Moor Lane,Yorkshire Dales & Moors,B,56.6,2.0
discovered,Merley Park Road,Dorset & New Forest,B,56.6,2.0
discovered,Mockbeggar Lane,Kent High Weald,B,56.6,0.3
discovered,Monteswood Lane,High Weald / East Sussex,B,56.6,1.7
discovered,Pawston Road,North Pennines,B,56.6,1.4
discovered,South Road,South Downs,B,56.6,3.0
discovered,Sponden Lane,Kent High Weald,B,56.6,2.0
discovered,Station Road,Wye Valley & Forest of Dean,B,56.6,1.0
discovered,Tillydrine Road,Cairngorms & Deeside,B,56.6,1.3
discovered,Titch Hill,South Downs,B,56.6,4.4
discovered,Unnamed road NE of Lower Treluswell (2),Cornwall,B,56.6,1.1
discovered,Unnamed road NE of Tregonetha,Cornwall,B,56.6,1.1
discovered,Unnamed road NW of Ashopton (2),Peak District,B,56.6,4.9
discovered,Unnamed road NW of Berrick Prior,North Wessex Downs,B,56.6,1.9
discovered,Unnamed road NW of Devauden,Wye Valley & Forest of Dean,B,56.6,2.5
discovered,Unnamed road NW of West End Farm Cottages (2),North Pennines,B,56.6,2.1
discovered,Unnamed road S of East Linton,Berwickshire Coast,B,56.6,1.9
discovered,Unnamed road S of Sparket Mill,Lake District,B,56.6,2.8
discovered,Unnamed road SE of Bellfield (1),Southern Uplands & Borders,B,56.6,3.1
discovered,Unnamed road SW of Hedley on the Hill,North Pennines,B,56.6,2.2
discovered,Unnamed road SW of Lea,Wye Valley & Forest of Dean,B,56.6,2.4
discovered,Unnamed road W of Llanafan Fawr (1),Mid-Wales / Powys,B,56.6,2.5
discovered,Unnamed road W of Weeke (1),Dartmoor,B,56.6,1.2
discovered,Welford Road,North Wessex Downs,B,56.6,2.3
discovered,West Lane,Mendips,B,56.6,1.3
discovered,Withycombe Hill,Exmoor,B,56.6,1.5
discovered,A438,Cotswolds,B,56.5,12.4
discovered,B383,Surrey Hills & North Downs,B,56.5,1.8
discovered,B7048,Southern Uplands & Borders,B,56.5,3.1
discovered,Barbury Lane,North Wessex Downs,B,56.5,3.4
discovered,Bridge End,Northumberland & Cheviots,B,56.5,1.0
discovered,Bullingstone Lane,High Weald / East Sussex,B,56.5,1.5
discovered,C1149,Cairngorms & Deeside,B,56.5,1.9
discovered,C1152,Scottish Highlands,B,56.5,1.6
discovered,C125n,Southern Uplands & Borders,B,56.5,11.0
discovered,Chapel Lane,Kent High Weald,B,56.5,0.9
discovered,Fereneze Road,Southern Uplands & Borders,B,56.5,5.3
discovered,Five Hills Lane,Yorkshire Dales & Moors,B,56.5,1.9
discovered,Hackington Road,Kent High Weald,B,56.5,1.4
discovered,Kake Street,Kent High Weald,B,56.5,1.4
discovered,Mynydd Bach Road,Wye Valley & Forest of Dean,B,56.5,3.9
discovered,Shopham Road,South Downs,B,56.5,2.4
discovered,Stamfordham Road,North Pennines,B,56.5,7.0
discovered,Stone Cross Road,Kent High Weald,B,56.5,2.0
discovered,Townsend Road,North Wessex Downs,B,56.5,1.2
discovered,Unnamed road E of Culkerton,Cotswolds,B,56.5,1.7
discovered,Unnamed road N of Carron,Cairngorms & Deeside,B,56.5,1.6
discovered,Unnamed road N of Smyrton (2),Southern Uplands & Borders,B,56.5,3.0
discovered,Unnamed road N of Ystradfellte (1),Brecon Beacons,B,56.5,3.2
discovered,Unnamed road NW of Llaethdy,Mid-Wales / Powys,B,56.5,1.1
discovered,Unnamed road NW of Ponterwyd,Mid-Wales / Powys,B,56.5,3.3
discovered,Unnamed road S of Santon Bridge,Lake District,B,56.5,4.3
discovered,Unnamed road SE of Cwm Penmachno,Snowdonia,B,56.5,2.1
discovered,Unnamed road SE of Laneast (1),Cornwall,B,56.5,4.9
discovered,Unnamed road SE of Penmaenpool (1),Snowdonia,B,56.5,2.3
discovered,Unnamed road SE of Waterend,Lake District,B,56.5,1.6
discovered,Unnamed road SW of Low Hall,Lake District,B,56.5,2.2
discovered,Unnamed road SW of Pearsie,Cairngorms & Deeside,B,56.5,2.1
discovered,Unnamed road W of Dalbeattie,Southern Uplands & Borders,B,56.5,2.2
discovered,Unnamed road W of Tilland (2),Cornwall,B,56.5,2.8
discovered,Vicarage Road,Chilterns,B,56.5,1.4
discovered,Whiterow Road,Yorkshire Dales & Moors,B,56.5,4.0
discovered,Wombridge Road,Shropshire Hills & Marches,B,56.5,1.1
discovered,Barton Road,Cotswolds,B,56.4,0.5
discovered,Bentham Moor Road,Yorkshire Dales & Moors,B,56.4,1.1
discovered,Butsfield Lane,North Pennines,B,56.4,4.2
discovered,C51a,Southern Uplands & Borders,B,56.4,5.9
discovered,C84a,Southern Uplands & Borders,B,56.4,4.0
discovered,Creuchies Road,Cairngorms & Deeside,B,56.4,4.8
discovered,Garreg Ddu Dam,Mid-Wales / Powys,B,56.4,1.4
discovered,Girlington Bank,Yorkshire Dales & Moors,B,56.4,1.6
discovered,Grass Wood Lane,Yorkshire Dales & Moors,B,56.4,4.4
discovered,Greenhead Road,North Pennines,B,56.4,1.2
discovered,Huncote Road,Leicestershire & Rutland,B,56.4,1.3
discovered,Partridge Drive,Lincolnshire Wolds,B,56.4,0.5
discovered,Percy Road,Northumberland & Cheviots,B,56.4,2.8
discovered,Quarme Lane,Exmoor,B,56.4,2.3
discovered,Strathmore Hope Road,Scottish Highlands,B,56.4,13.3
discovered,Tong Road,Kent High Weald,B,56.4,1.1
discovered,Town Lane,Isle of Wight,B,56.4,1.5
discovered,Unnamed road E of Field Assarts,Cotswolds,B,56.4,1.1
discovered,Unnamed road NE of Halberton,Exmoor,B,56.4,1.1
discovered,Unnamed road NE of Todenham,Cotswolds,B,56.4,2.2
discovered,Unnamed road NE of Warleggan (2),Cornwall,B,56.4,2.9
discovered,Unnamed road SW of Eachwick,North Pennines,B,56.4,2.6
discovered,Unnamed road W of Arkleby,Lake District,B,56.4,1.4
discovered,Unnamed road W of Errogie,Scottish Highlands,B,56.4,1.4
discovered,Unnamed road W of Hubberholme,Yorkshire Dales & Moors,B,56.4,2.1
discovered,B4260,Wye Valley & Forest of Dean,B,56.3,1.3
discovered,B582,Leicestershire & Rutland,B,56.3,1.7
discovered,B6175,Peak District,B,56.3,1.5
discovered,Clay Hill Pit,Wye Valley & Forest of Dean,B,56.3,1.6
discovered,Gate Way,North York Moors & Wolds,B,56.3,1.2
discovered,Holborn Hill,North Wessex Downs,B,56.3,1.8
discovered,Ide Village Road,Dartmoor,B,56.3,2.0
discovered,Inholms Lane,Surrey Hills & North Downs,B,56.3,1.3
discovered,Lady Hall Lane,Lake District,B,56.3,1.5
discovered,Littlebeck Lane,North Pennines,B,56.3,3.5
discovered,Mauchline Road,Southern Uplands & Borders,B,56.3,4.3
discovered,Mook Street,North York Moors & Wolds,B,56.3,1.8
discovered,Star Beech Hill,Wye Valley & Forest of Dean,B,56.3,3.7
discovered,Stryt Cae Rhedyn,Denbigh Moors / North Wales,B,56.3,2.3
discovered,Thame Road,Chilterns,B,56.3,1.7
discovered,Treemans Road (Lewes Road),High Weald / East Sussex,B,56.3,2.0
discovered,Treffry Lane,Cornwall,B,56.3,2.2
discovered,Turners Lane,Forest of Bowland,B,56.3,1.3
discovered,Unnamed road N of Hawnby,North York Moors & Wolds,B,56.3,1.3
discovered,Unnamed road NE of Kildary (1),Scottish Highlands,B,56.3,1.1
discovered,Unnamed road NW of Burrington,Exmoor,B,56.3,1.3
discovered,Unnamed road NW of Roborough,Exmoor,B,56.3,1.0
discovered,Unnamed road S of Church Town,Cornwall,B,56.3,1.8
discovered,Unnamed road S of Llangurig (3),Mid-Wales / Powys,B,56.3,2.6
discovered,Unnamed road SE of Stonehaugh,North Pennines,B,56.3,1.7
discovered,Unnamed road SE of Turnberry,Southern Uplands & Borders,B,56.3,3.3
discovered,Unnamed road W of Cefngorwydd (1),Brecon Beacons,B,56.3,1.2
discovered,Unnamed road W of Eskdale,Southern Uplands & Borders,B,56.3,5.0
discovered,Unnamed road W of Higher Tresahor Praze,Cornwall,B,56.3,1.6
discovered,Whitnage Road,Exmoor,B,56.3,1.7
discovered,B2209,Surrey Hills & North Downs,B,56.2,1.8
discovered,B3440,Exmoor,B,56.2,3.0
discovered,B6062,Peak District,B,56.2,1.2
discovered,Bedale Road,Yorkshire Dales & Moors,B,56.2,1.4
discovered,Blind Lane,South Downs,B,56.2,4.9
discovered,Bowland Bridge,Lake District,B,56.2,1.1
discovered,Boxley Road,Kent High Weald,B,56.2,1.1
discovered,C38,Argyll & the Trossachs,B,56.2,12.4
discovered,Cockering Road,Kent High Weald,B,56.2,2.8
discovered,Denton Road,Yorkshire Dales & Moors,B,56.2,3.0
discovered,Dwelly Lane,High Weald / East Sussex,B,56.2,3.6
discovered,East Mascalls Lane,High Weald / East Sussex,B,56.2,2.2
discovered,Hall Lane,Peak District,B,56.2,1.0
discovered,Manstone Farm Road,North Wessex Downs,B,56.2,1.9
discovered,Moreton Road,Wye Valley & Forest of Dean,B,56.2,1.6
discovered,New Cut Road,Kent High Weald,B,56.2,2.6
discovered,New Road,North Pennines,B,56.2,2.8
discovered,Pown Street,Peak District,B,56.2,1.1
discovered,Stonygate Bank,Yorkshire Dales & Moors,B,56.2,2.7
discovered,Swinton Lane,North York Moors & Wolds,B,56.2,2.0
discovered,The Lord's Throat,Cairngorms & Deeside,B,56.2,9.5
discovered,Unnamed road E of Chulmleigh,Exmoor,B,56.2,3.1
discovered,Unnamed road N of Ide Hill,Kent High Weald,B,56.2,1.1
discovered,Unnamed road NE of Pidsley,Dartmoor,B,56.2,1.0
discovered,Unnamed road S of Bewcastle,North Pennines,B,56.2,3.6
discovered,Unnamed road S of Holme Lacy,Wye Valley & Forest of Dean,B,56.2,2.4
discovered,Unnamed road S of Seckington (1),Exmoor,B,56.2,3.6
discovered,Unnamed road SE of Rackenford,Exmoor,B,56.2,2.7
discovered,Unnamed road SW of Idlicote,Cotswolds,B,56.2,4.0
discovered,B2027,Surrey Hills & North Downs,B,56.1,4.4
discovered,Beacon Road,Cornwall,B,56.1,3.4
discovered,Birklandbarrow Road,Forest of Bowland,B,56.1,2.3
discovered,Deadmantree Hill,South Downs,B,56.1,1.4
discovered,East Ashey Lane,Isle of Wight,B,56.1,1.0
discovered,Ffordd Llewlyn,Denbigh Moors / North Wales,B,56.1,1.4
discovered,Howpark Road,Berwickshire Coast,B,56.1,0.3
discovered,Knitsley Lane,North Pennines,B,56.1,1.5
discovered,Leake Lane,North York Moors & Wolds,B,56.1,1.3
discovered,Nafford Road,Cotswolds,B,56.1,3.3
discovered,New Ridley Road,North Pennines,B,56.1,2.0
discovered,Snowerhill Road,Surrey Hills & North Downs,B,56.1,1.7
discovered,Spen Brow,Yorkshire Dales & Moors,B,56.1,1.4
discovered,Stonehill Road,Surrey Hills & North Downs,B,56.1,4.6
discovered,Unnamed road E of Ayle,North Pennines,B,56.1,1.3
discovered,Unnamed road E of Cox Hill,Cornwall,B,56.1,1.2
discovered,Unnamed road E of Crossroads,Cairngorms & Deeside,B,56.1,2.4
discovered,Unnamed road N of Cardington,Shropshire Hills & Marches,B,56.1,1.4
discovered,Unnamed road NE of Heasta,Scottish Highlands,B,56.1,6.1
discovered,Unnamed road NE of Higher Sigford (1),Dartmoor,B,56.1,1.6
discovered,Unnamed road NW of Maryland,Wye Valley & Forest of Dean,B,56.1,1.0
discovered,Unnamed road NW of Moor Row,Lake District,B,56.1,1.2
discovered,Unnamed road NW of Ovington,North Pennines,B,56.1,1.1
discovered,Unnamed road NW of Stowford (2),Dartmoor,B,56.1,1.8
discovered,Unnamed road S of Hethersgill (2),Southern Uplands & Borders,B,56.1,1.2
discovered,Unnamed road S of Huntsham,Exmoor,B,56.1,4.4
discovered,Unnamed road SE of Kingscott,Exmoor,B,56.1,1.8
discovered,Unnamed road SW of Salem (2),Mid-Wales / Powys,B,56.1,3.5
discovered,Unnamed road SW of Whitewell,Yorkshire Dales & Moors,B,56.1,4.2
discovered,Unnamed road W of Langtree Week (1),Exmoor,B,56.1,2.6
discovered,Unnamed road W of Winscales,Lake District,B,56.1,1.2
discovered,Woefuldane Bottom,Cotswolds,B,56.1,1.4
discovered,B3032,Surrey Hills & North Downs,B,56.0,1.7
discovered,Back Lane,North Wessex Downs,B,56.0,1.8
discovered,Bevington Lane,Wye Valley & Forest of Dean,B,56.0,3.2
discovered,Bishop's Hill Road,Cornwall,B,56.0,1.1
discovered,Borde Hill Lane,High Weald / East Sussex,B,56.0,2.3
discovered,Brackenridge Road,Southern Uplands & Borders,B,56.0,6.0
discovered,Cheeseman's Green Lane,Kent High Weald,B,56.0,1.2
discovered,Clayton Terrace Road,North Pennines,B,56.0,2.6
discovered,Collin Lane,Cotswolds,B,56.0,2.2
discovered,Colworth Lane,South Downs,B,56.0,0.3
discovered,Dean Bottom,Kent High Weald,B,56.0,2.0
discovered,Horninghold Road,Leicestershire & Rutland,B,56.0,1.2
discovered,Kit Lane,Chilterns,B,56.0,2.8
discovered,Lamsey Lane,Norfolk & Suffolk,B,56.0,1.1
discovered,Loxley Road,Peak District,B,56.0,2.5
discovered,Mogworthy Lane,Exmoor,B,56.0,1.0
discovered,Moor Lane,North Pennines,B,56.0,3.7
discovered,Skipton Road,Yorkshire Dales & Moors,B,56.0,1.2
discovered,Tanyard Lane,High Weald / East Sussex,B,56.0,3.7
discovered,Tedburn Road,Dartmoor,B,56.0,1.8
discovered,Trevarrian Hill,Cornwall,B,56.0,1.3
discovered,Unnamed road E of Cubeck,Yorkshire Dales & Moors,B,56.0,1.6
discovered,Unnamed road E of Edgerston Mill,Southern Uplands & Borders,B,56.0,5.6
discovered,Unnamed road E of Wharfe,Yorkshire Dales & Moors,B,56.0,1.5
discovered,Unnamed road N of Atherington,Exmoor,B,56.0,1.7
discovered,Unnamed road NE of Abergwesyn (2),Mid-Wales / Powys,B,56.0,2.2
discovered,Unnamed road SE of Pentrecelyn (3),Denbigh Moors / North Wales,B,56.0,1.9
discovered,Unnamed road SW of Soulby,Yorkshire Dales & Moors,B,56.0,2.5
discovered,Unnamed road W of Langtree Week (2),Exmoor,B,56.0,3.0
discovered,White Horse Road,Kent High Weald,B,56.0,1.9
discovered,Windmill Lane,Cotswolds,B,56.0,0.8
discovered,Bush Hill,Cornwall,B,55.9,0.5
discovered,Carr Lane,Forest of Bowland,B,55.9,1.3
discovered,Down Street,High Weald / East Sussex,B,55.9,4.3
discovered,Gammons Farm Lane,Kent High Weald,B,55.9,0.9
discovered,Kirkfieldbank Road,Southern Uplands & Borders,B,55.9,2.0
discovered,Langstroth Dale Road,Yorkshire Dales & Moors,B,55.9,4.6
discovered,Lenham Heath Road,Kent High Weald,B,55.9,3.9
discovered,Leverton Lane,North Wessex Downs,B,55.9,1.7
discovered,Mannachie Road,Scottish Highlands,B,55.9,5.2
discovered,New Road,Surrey Hills & North Downs,B,55.9,1.7
discovered,Nip Knowes,Southern Uplands & Borders,B,55.9,1.8
discovered,Rhyse Lane,Shropshire Hills & Marches,B,55.9,6.8
discovered,Richmond Road,Yorkshire Dales & Moors,B,55.9,5.2
discovered,Royston Road,Exmoor,B,55.9,4.3
discovered,Ruckhall Lane,Wye Valley & Forest of Dean,B,55.9,2.2
discovered,St. Cuthbert's Way,Northumberland & Cheviots,B,55.9,2.3
discovered,Swanborough Lane,Cotswolds,B,55.9,1.6
discovered,Unnamed road E of Dawn,Denbigh Moors / North Wales,B,55.9,1.5
discovered,Unnamed road E of Tremeirchion,Denbigh Moors / North Wales,B,55.9,1.1
discovered,Unnamed road N of Llaethdy (3),Mid-Wales / Powys,B,55.9,2.4
discovered,Unnamed road NE of Dall,Scottish Highlands,B,55.9,3.1
discovered,Unnamed road NW of Battle (3),Brecon Beacons,B,55.9,1.7
discovered,Unnamed road NW of Blackpool Gate,North Pennines,B,55.9,5.0
discovered,Unnamed road NW of Hendre (2),Denbigh Moors / North Wales,B,55.9,2.8
discovered,Unnamed road S of Gargrave,Yorkshire Dales & Moors,B,55.9,1.0
discovered,Unnamed road SW of Rosehill,Cornwall,B,55.9,1.6
discovered,Unnamed road SW of Treween,Cornwall,B,55.9,1.5
discovered,Unnamed road W of Nancenoy,Cornwall,B,55.9,1.2
discovered,Upper Haysden Lane,High Weald / East Sussex,B,55.9,1.8
discovered,A430,Cotswolds,B,55.8,2.4
discovered,A5072,Forest of Bowland,B,55.8,1.8
discovered,Alt Lane,Peak District,B,55.8,1.0
discovered,B1263,Yorkshire Dales & Moors,B,55.8,4.8
discovered,B2029,Surrey Hills & North Downs,B,55.8,3.0
discovered,B3213,Dartmoor,B,55.8,2.1
discovered,B8083,Scottish Highlands,B,55.8,12.1
discovered,Bereleigh House Road,South Downs,B,55.8,3.8
discovered,Brantridge Lane,High Weald / East Sussex,B,55.8,3.9
discovered,Bwlch Penbarras,Denbigh Moors / North Wales,B,55.8,1.4
discovered,C14n,Southern Uplands & Borders,B,55.8,6.3
discovered,Clayhall Lane,Surrey Hills & North Downs,B,55.8,1.3
discovered,Hatch Lane,South Downs,B,55.8,1.2
discovered,Hill Head,Exmoor,B,55.8,3.8
discovered,Kenardington Road,Kent High Weald,B,55.8,1.9
discovered,Laude Bank,North Pennines,B,55.8,1.5
discovered,Lintrathen Bridge,Cairngorms & Deeside,B,55.8,1.4
discovered,Little Bowland Road,Yorkshire Dales & Moors,B,55.8,0.3
discovered,Mahollam Road,Mid-Wales / Powys,B,55.8,2.5
discovered,Mintching Wood Lane,Kent High Weald,B,55.8,1.7
discovered,Newton Lane,North York Moors & Wolds,B,55.8,1.0
discovered,Pont Tan-y-graig,Denbigh Moors / North Wales,B,55.8,1.3
discovered,Spray Lane,North Wessex Downs,B,55.8,0.6
discovered,The Skaithe,Yorkshire Dales & Moors,B,55.8,0.4
discovered,Unnamed road E of Soroba,Argyll & the Trossachs,B,55.8,3.9
discovered,Unnamed road N of Bieldside,Northumberland & Cheviots,B,55.8,3.4
discovered,Unnamed road N of Woolland,Dorset & New Forest,B,55.8,1.3
discovered,Unnamed road NE of Azerley,Yorkshire Dales & Moors,B,55.8,1.3
discovered,Unnamed road NE of Morland,North Pennines,B,55.8,1.3
discovered,Unnamed road NW of Frostley Burn,Southern Uplands & Borders,B,55.8,4.4
discovered,Unnamed road S of Adfa,Mid-Wales / Powys,B,55.8,2.4
discovered,Unnamed road S of Exbourne,Dartmoor,B,55.8,3.0
discovered,Unnamed road SW of Guscott,Exmoor,B,55.8,1.8
discovered,Unnamed road W of Hetton,Yorkshire Dales & Moors,B,55.8,1.2
discovered,Vicarage Lane,Forest of Bowland,B,55.8,1.6
discovered,Ashley Lane,Forest of Bowland,B,55.7,2.5
discovered,B766,Argyll & the Trossachs,B,55.7,1.1
discovered,Badgeworth Road,Cotswolds,B,55.7,2.9
discovered,Cleeve Hill Road,Mendips,B,55.7,1.7
discovered,Cliburn Road,North Pennines,B,55.7,0.9
discovered,Corse Hill,Southern Uplands & Borders,B,55.7,1.1
discovered,Crawley Road,Cotswolds,B,55.7,1.4
discovered,East Marden Hill,South Downs,B,55.7,1.1
discovered,Easton Town Road,Cotswolds,B,55.7,1.1
discovered,Glenginnet Road,Southern Uplands & Borders,B,55.7,0.8
discovered,Gretton Road,Cotswolds,B,55.7,2.8
discovered,Haxted Road,Surrey Hills & North Downs,B,55.7,4.2
discovered,Higher Town,Exmoor,B,55.7,1.4
discovered,Misbrooks Green Road,Surrey Hills & North Downs,B,55.7,1.4
discovered,Rookery Hill,High Weald / East Sussex,B,55.7,1.6
discovered,School Lane,Kent High Weald,B,55.7,1.1
discovered,Scurragh Lane,Yorkshire Dales & Moors,B,55.7,1.3
discovered,Sevenleaze Lane,Cotswolds,B,55.7,3.4
discovered,Skelder Road,North York Moors & Wolds,B,55.7,1.6
discovered,Unnamed road N of Dranigower,Southern Uplands & Borders,B,55.7,1.5
discovered,Unnamed road N of Grizedale,Lake District,B,55.7,2.0
discovered,Unnamed road NE of Crocker's Ash,Wye Valley & Forest of Dean,B,55.7,1.7
discovered,Unnamed road NE of Higher Beara,Dartmoor,B,55.7,2.3
discovered,Unnamed road NE of Pen y Cae,Brecon Beacons,B,55.7,1.3
discovered,Unnamed road NW of Hanley Childe,Malverns & Herefordshire,B,55.7,1.8
discovered,Unnamed road S of Frinsted,Kent High Weald,B,55.7,1.5
discovered,Unnamed road SE of Arncliffe,Yorkshire Dales & Moors,B,55.7,2.1
discovered,Unnamed road SE of Culcharry,Scottish Highlands,B,55.7,1.8
discovered,Unnamed road SE of Llanwrin,Mid-Wales / Powys,B,55.7,1.9
discovered,Unnamed road W of Barrowburn,Northumberland & Cheviots,B,55.7,2.1
discovered,Unnamed road W of Meggethead,Southern Uplands & Borders,B,55.7,1.5
discovered,Upton Pyne Hill,Dartmoor,B,55.7,1.2
discovered,Welby Lane,Leicestershire & Rutland,B,55.7,4.3
discovered,B2037,Surrey Hills & North Downs,B,55.6,4.1
discovered,B3220,Dartmoor,B,55.6,12.4
discovered,B4164,Wye Valley & Forest of Dean,B,55.6,1.3
discovered,B7073,Southern Uplands & Borders,B,55.6,2.1
discovered,Carrot Road,Southern Uplands & Borders,B,55.6,3.0
discovered,Golden Hill,Kent High Weald,B,55.6,1.3
discovered,Hamptons Road,High Weald / East Sussex,B,55.6,2.0
discovered,Heath Road,Norfolk & Suffolk,B,55.6,1.8
discovered,Idbury Road,Cotswolds,B,55.6,0.7
discovered,Moor House - Hilton Road,North Pennines,B,55.6,3.5
discovered,Tashieburn Road,Southern Uplands & Borders,B,55.6,2.7
discovered,Thornwell Road,South Downs,B,55.6,1.8
discovered,Udale Road,Scottish Highlands,B,55.6,1.9
discovered,Unnamed road N of Llaethdy (1),Mid-Wales / Powys,B,55.6,1.6
discovered,Unnamed road NE of Tyncelyn (1),Mid-Wales / Powys,B,55.6,2.3
discovered,Unnamed road S of Bittaford,Dartmoor,B,55.6,1.1
discovered,Unnamed road SE of East Lewarne,Cornwall,B,55.6,1.7
discovered,Alverdiscott Road,Exmoor,B,55.5,1.7
discovered,B4085,Cotswolds,B,55.5,1.2
discovered,B8045,Scottish Highlands,B,55.5,11.9
discovered,Buckswood Drive,High Weald / East Sussex,B,55.5,1.0
discovered,Cornhill Road,Southern Uplands & Borders,B,55.5,1.3
discovered,Dolesden Lane,Chilterns,B,55.5,2.7
discovered,Haslingbourne Lane,South Downs,B,55.5,2.6
discovered,Leighton Beck Road,Forest of Bowland,B,55.5,2.8
discovered,Lilyhurst Road,Shropshire Hills & Marches,B,55.5,4.5
discovered,Lochard Road,Argyll & the Trossachs,B,55.5,2.3
discovered,Lupus Road,Southern Uplands & Borders,B,55.5,3.2
discovered,Rabbit Lane,Forest of Bowland,B,55.5,1.4
discovered,Scotsburn Road,Scottish Highlands,B,55.5,4.7
discovered,Softwood Road,Mid-Wales / Powys,B,55.5,1.3
discovered,Stoke Road,South Downs,B,55.5,1.5
discovered,The Street,Cotswolds,B,55.5,0.6
discovered,Unnamed road N of Chatton,Northumberland & Cheviots,B,55.5,1.6
discovered,Unnamed road N of West Lewarne,Cornwall,B,55.5,2.4
discovered,Unnamed road NE of Pooltown,Exmoor,B,55.5,2.2
discovered,Unnamed road NE of Trevean (2),Cornwall,B,55.5,2.0
discovered,Unnamed road NW of Ninebanks,North Pennines,B,55.5,1.3
discovered,Unnamed road S of Trelill,Cornwall,B,55.5,3.1
discovered,Unnamed road SE of Tarbolton,Southern Uplands & Borders,B,55.5,1.0
discovered,Unnamed road SW of Alverdiscott,Exmoor,B,55.5,1.5
discovered,Unnamed road SW of Durisdeermill (1),Southern Uplands & Borders,B,55.5,5.2
discovered,Unnamed road SW of Navity,Scottish Highlands,B,55.5,10.0
discovered,Bentham Lane,Cotswolds,B,55.4,1.4
discovered,East Street,Kent High Weald,B,55.4,1.8
discovered,Goldhill Lane,North Pennines,B,55.4,0.6
discovered,Hidcote Road,Cotswolds,B,55.4,2.9
discovered,Lancaster Brow,Forest of Bowland,B,55.4,1.1
discovered,Lanehead Lane,Yorkshire Dales & Moors,B,55.4,1.3
discovered,Lower Wick Street,South Downs,B,55.4,1.3
discovered,Maytham Road,Kent High Weald,B,55.4,3.6
discovered,Pont Llechwedd-hafod,Snowdonia,B,55.4,2.3
discovered,Rackham Street,South Downs,B,55.4,3.0
founding,Ranmore Common Road,South East,B,55.4,5.4
discovered,Rocks Lane,South Downs,B,55.4,1.2
discovered,Sunny Bank,Cornwall,B,55.4,1.2
discovered,Unnamed road E of Piperhill (2),Scottish Highlands,B,55.4,3.0
discovered,Unnamed road N of Bontgoch (1),Mid-Wales / Powys,B,55.4,2.0
discovered,Unnamed road N of Bowithick,Cornwall,B,55.4,4.1
discovered,Unnamed road N of Skirwith,North Pennines,B,55.4,1.9
discovered,Unnamed road NE of East Leigh (1),Dartmoor,B,55.4,1.7
discovered,Unnamed road NE of Kenley,Shropshire Hills & Marches,B,55.4,4.3
discovered,Unnamed road NW of Strettington,South Downs,B,55.4,1.5
discovered,Unnamed road SW of Hepple,Northumberland & Cheviots,B,55.4,1.7
discovered,Unnamed road SW of Zeal Monachorum (1),Dartmoor,B,55.4,1.1
discovered,Winterburn Lane,Yorkshire Dales & Moors,B,55.4,4.7
discovered,Anmore Lane,South Downs,B,55.3,1.0
discovered,B952,Cairngorms & Deeside,B,55.3,1.6
discovered,Chilver Bridge Road,South Downs,B,55.3,1.6
discovered,Dale Acre Way,Shropshire Hills & Marches,B,55.3,1.6
discovered,Grove Road,North Pennines,B,55.3,2.7
discovered,High Lane,Peak District,B,55.3,1.0
discovered,Little Rogart Road,Scottish Highlands,B,55.3,0.5
discovered,Markedge Lane,Surrey Hills & North Downs,B,55.3,1.9
discovered,Mill Lane,Surrey Hills & North Downs,B,55.3,1.2
discovered,Mill Street,Norfolk & Suffolk,B,55.3,1.6
discovered,Shellwood Road,Surrey Hills & North Downs,B,55.3,1.7
discovered,Spratsgate Lane,Cotswolds,B,55.3,5.5
discovered,Star Lane,Cotswolds,B,55.3,1.5
discovered,Stowell Lane,Dorset & New Forest,B,55.3,1.0
discovered,Tinwin Lane,Peak District,B,55.3,1.5
discovered,Twitter Lane,Yorkshire Dales & Moors,B,55.3,1.8
discovered,Unnamed road N of Botus Fleming,Dartmoor,B,55.3,1.7
discovered,Unnamed road N of Mordington Holdings,Berwickshire Coast,B,55.3,3.6
discovered,Unnamed road NW of Ewyas Harold,Brecon Beacons,B,55.3,2.0
discovered,Unnamed road S of Stronmilchan,Argyll & the Trossachs,B,55.3,1.8
discovered,Unnamed road SE of Roborough,Exmoor,B,55.3,2.2
discovered,Unnamed road SW of Bouth,Lake District,B,55.3,1.4
discovered,Unnamed road W of Whichford,Cotswolds,B,55.3,1.6
discovered,Warrs Hill Road,South Downs,B,55.3,1.5
discovered,A332,Surrey Hills & North Downs,B,55.2,2.2
discovered,B2133,Surrey Hills & North Downs,B,55.2,1.3
discovered,Blight's Hill,Exmoor,B,55.2,2.4
discovered,C48a,Southern Uplands & Borders,B,55.2,3.5
discovered,C93a,Southern Uplands & Borders,B,55.2,3.1
discovered,Cross Elms Hill,Exmoor,B,55.2,2.3
discovered,Lower Hugus Road,Cornwall,B,55.2,1.7
discovered,Sherston Road,Cotswolds,B,55.2,3.1
discovered,Speldhurst Road,High Weald / East Sussex,B,55.2,1.1
discovered,Strait Loaning,North Pennines,B,55.2,1.2
discovered,Unnamed road E of Ravenhill,Wye Valley & Forest of Dean,B,55.2,2.4
discovered,Unnamed road E of South Petherwin (1),Cornwall,B,55.2,1.7
discovered,Unnamed road E of Whitfield,Berwickshire Coast,B,55.2,2.5
discovered,Unnamed road E of Wordland Cross,Dartmoor,B,55.2,1.2
discovered,Unnamed road NW of Ayshford,Exmoor,B,55.2,1.9
discovered,Unnamed road NW of East End,Kent High Weald,B,55.2,1.7
discovered,Unnamed road SE of Caldermill (1),Southern Uplands & Borders,B,55.2,1.6
discovered,Unnamed road SW of Kirktown of Mortlach (2),Cairngorms & Deeside,B,55.2,1.1
discovered,West Street,Kent High Weald,B,55.2,2.7
discovered,A38,Wye Valley & Forest of Dean,B,55.1,1.0
discovered,B386,Surrey Hills & North Downs,B,55.1,3.9
discovered,B4209,Cotswolds,B,55.1,4.7
discovered,C25a,Southern Uplands & Borders,B,55.1,4.3
discovered,C78a,Southern Uplands & Borders,B,55.1,4.7
discovered,Catsham Lane,Cotswolds,B,55.1,2.0
discovered,Ferry Lane,Dartmoor,B,55.1,1.3
discovered,Henllan Road,Denbigh Moors / North Wales,B,55.1,1.8
discovered,Kingshill Road,Chilterns,B,55.1,1.3
discovered,Mewith Lane,Yorkshire Dales & Moors,B,55.1,8.2
discovered,Ridgeway,Dartmoor,B,55.1,1.5
discovered,Thomas Blakemore Way,Shropshire Hills & Marches,B,55.1,1.3
discovered,Unnamed road E of Pinwherry,Southern Uplands & Borders,B,55.1,1.9
discovered,Unnamed road N of East Leigh (2),Dartmoor,B,55.1,1.4
discovered,Unnamed road NE of Bere Alston,Dartmoor,B,55.1,2.0
discovered,Unnamed road NE of Caldons,Southern Uplands & Borders,B,55.1,2.6
discovered,Unnamed road NE of Llangua,Brecon Beacons,B,55.1,1.8
discovered,Unnamed road NE of New Brighton,Denbigh Moors / North Wales,B,55.1,2.7
discovered,Unnamed road S of Ascott-under-Wychwood,Cotswolds,B,55.1,1.9
discovered,Unnamed road S of Harton,Shropshire Hills & Marches,B,55.1,1.6
discovered,Unnamed road S of West Mains,Southern Uplands & Borders,B,55.1,1.2
discovered,Unnamed road SW of South Cerney,Cotswolds,B,55.1,2.0
discovered,Unnamed road W of Alwinton (1),Northumberland & Cheviots,B,55.1,2.6
discovered,Unnamed road W of Sharpham Barton,Dartmoor,B,55.1,2.6
discovered,Arthington Road,Yorkshire Dales & Moors,B,55.0,2.3
discovered,B2039,Surrey Hills & North Downs,B,55.0,2.6
discovered,B4208,Cotswolds,B,55.0,2.6
discovered,B4379,Shropshire Hills & Marches,B,55.0,2.6
discovered,Hare Street,North Wessex Downs,B,55.0,1.1
discovered,Langhurst Wood Road,Surrey Hills & North Downs,B,55.0,1.7
discovered,Milton Hill,North Wessex Downs,B,55.0,1.0
discovered,Milton's Mill Bridge,Mid-Wales / Powys,B,55.0,2.3
discovered,Mount Lane,North Wessex Downs,B,55.0,1.3
discovered,Park Lane,High Weald / East Sussex,B,55.0,1.2
discovered,School Road,Norfolk & Suffolk,B,55.0,1.3
discovered,Singledge Lane,East Kent,B,55.0,3.3
discovered,Sopworth Road,Cotswolds,B,55.0,1.3
discovered,Tornacarraidh Road,Scottish Highlands,B,55.0,8.2
discovered,Treligga Downs Road,Cornwall,B,55.0,0.7
discovered,Unnamed road NE of Efford,Dartmoor,B,55.0,2.5
discovered,Unnamed road NE of Gartmore,Argyll & the Trossachs,B,55.0,1.6
discovered,Unnamed road NW of Drumrunie (1),Scottish Highlands,B,55.0,2.5
discovered,Unnamed road S of Durisdeer,Southern Uplands & Borders,B,55.0,4.1
discovered,Unnamed road S of Kershopefoot,Southern Uplands & Borders,B,55.0,5.7
discovered,Unnamed road S of Porth-gwyn,Brecon Beacons,B,55.0,2.5
discovered,Unnamed road SW of Pen-y-clawdd,Wye Valley & Forest of Dean,B,55.0,5.8
discovered,Unnamed road SW of Whitwell on-the-Hill,North York Moors & Wolds,B,55.0,1.2
discovered,Unnamed road W of Checkley,Wye Valley & Forest of Dean,B,55.0,1.2
discovered,Winter Lane,Lake District,B,55.0,2.1
